{"banana": 0.015574908218567282, "apple": 0.02246590226666063, "coconut": 0.025683485663960757, "peach": 0.008728042078838837, "pear": 0.004980490149159313}