{"banana": 0.019962027439025126, "apple": 0.018149932827871407, "coconut": 0.013987210733053645, "peach": 0.010787554412587113, "pear": 0.0166475705100292}