{"banana": 0.017472681626118036, "apple": 0.01502808413501344, "coconut": 0.022675538517801293, "peach": 0.008728042078838837, "pear": 0.01502808413501344}