{"banana": 0.016581192170850675, "apple": 0.015886562565125537, "coconut": 0.02008492219476586, "peach": 0.013577072798819822, "pear": 0.012598064527532328}