{"banana": 0.014631697247230126, "apple": 0.0178114549893128, "coconut": 0.014462947771192647, "peach": 0.013357508430614305, "pear": 0.018540621217865216}