{"banana": 0.024602599001208012, "apple": 0.01729199393414069, "coconut": 0.02019392238051318, "peach": 0.009029662553512213, "pear": 0.008111420592593592}