{"banana": 0.012989924335618009, "apple": 0.02000393587391771, "coconut": 0.015033029640156332, "peach": 0.011733978996181376, "pear": 0.01887959955388256}