{"banana": 0.01646917062056189, "apple": 0.012650413496259507, "coconut": 0.023105020307429728, "peach": 0.01348534690072781, "pear": 0.012650413496259507}