{"banana": 0.015888605472019236, "apple": 0.015648163358066357, "coconut": 0.01755511051230283, "peach": 0.016213329424829562, "pear": 0.01322759504470053}