{"banana": 0.02009844657289379, "apple": 0.01708844170048158, "coconut": 0.016663024855605457, "peach": 0.00982173918215607, "pear": 0.015886562565125537}