{"banana": 0.014282739087063694, "apple": 0.01562684596203941, "coconut": 0.015237815550662077, "peach": 0.016381302725248972, "pear": 0.016917756325970344}