{"banana": 0.02756984609983574, "apple": 0.009740928043306684, "coconut": 0.011116869534889228, "peach": 0.014587802472370764, "pear": 0.016198315512442878}