{"banana": 0.014049659704981128, "apple": 0.02035599637640069, "coconut": 0.01050293803335008, "peach": 0.009700172160348224, "pear": 0.023913014983433286}