{"banana": 0.006185012086813539, "apple": 0.016849388448139234, "coconut": 0.02008492219476586, "peach": 0.01603176318569269, "pear": 0.01780169143326856}