{"banana": 0.01875906906624646, "apple": 0.013094818095845551, "coconut": 0.016631561928700012, "peach": 0.011792869428125656, "pear": 0.01897130437465266}