{"banana": 0.017472681626118036, "apple": 0.0, "coconut": 0.015491066507565628, "peach": 0.03688188832725895, "pear": 0.0}