{"banana": 0.009133996312520811, "apple": 0.008304838775954214, "coconut": 0.015491066507565628, "peach": 0.017510408491368753, "pear": 0.026149570395736565}