{"banana": 0.011287669539304502, "apple": 0.02116908024657724, "coconut": 0.023910387788873323, "peach": 0.01265495294138319, "pear": 0.008304838775954214}