{"banana": 0.004458218966115525, "apple": 0.004053514855347317, "coconut": 0.018146458653541007, "peach": 0.025328511244819083, "pear": 0.021898246475129658}