{"banana": 0.01962635485290174, "apple": 0.014556233582189153, "coconut": 0.014193856071568027, "peach": 0.010031276013955063, "pear": 0.021013621051325333}