{"banana": 0.01600953220776171, "apple": 0.016215995304697004, "coconut": 0.01740048693343772, "peach": 0.01460372445616949, "pear": 0.014556233582189153}