{"banana": 0.023906938132643787, "apple": 0.015886562565125537, "coconut": 0.015491066507565628, "peach": 0.01209643459154539, "pear": 0.01217813669875404}