{"banana": 0.032245623446241024, "apple": 0.029318459827279538, "coconut": 0.0, "peach": 0.007479132477413688, "pear": 0.008304838775954214}