{"banana": 0.01174952308553966, "apple": 0.020198000221007723, "coconut": 0.016713614695228796, "peach": 0.015436151241742881, "pear": 0.013971433696982503}