{"banana": 0.03051883032554301, "apple": 0.0, "coconut": 0.010007510197370744, "peach": 0.017510408491368753, "pear": 0.019443581172158126}