{"banana": 0.014772941820122995, "apple": 0.0069745097930178105, "coconut": 0.02959409880443807, "peach": 0.006281071085694357, "pear": 0.019443581172158126}