{"banana": 0.02334738229655042, "apple": 0.0029540068175219064, "coconut": 0.020699504499228808, "peach": 0.010139437984053819, "pear": 0.021227975048295936}