{"banana": 0.01600953220776171, "apple": 0.027025304961329467, "coconut": 0.0, "peach": 0.013108984083903773, "pear": 0.021013621051325333}