{"banana": 0.008103508691625313, "apple": 0.024424071321317437, "coconut": 0.017954010931090607, "peach": 0.006635344811061406, "pear": 0.020462713910653338}