{"banana": 0.01380393027455428, "apple": 0.01968868641345509, "coconut": 0.018238462596626374, "peach": 0.01130298499144897, "pear": 0.015681780201008605}