{"banana": 0.014772941820122995, "apple": 0.013431897262154007, "coconut": 0.014814045928378376, "peach": 0.01972101937544645, "pear": 0.01519225725155123}