{"banana": 0.021384834013022207, "apple": 0.019443581172158126, "coconut": 0.0, "peach": 0.022574842851635843, "pear": 0.013431897262154007}