{"banana": 0.02246365694808105, "apple": 0.01643286439114697, "coconut": 0.01602376814679124, "peach": 0.011031676099947863, "pear": 0.013666446140858097}