{"banana": 0.014264535188184725, "apple": 0.021778637869079437, "coconut": 0.015316059992269794, "peach": 0.01574692985342645, "pear": 0.011095702209690129}