{"banana": 0.010097164473717711, "apple": 0.021358710040301147, "coconut": 0.017050112692031973, "peach": 0.01209643459154539, "pear": 0.017485412117501323}