{"banana": 0.009591440738865593, "apple": 0.022152654994036052, "coconut": 0.016233129155728894, "peach": 0.016680014532024137, "pear": 0.012774272587229367}