{"banana": 0.016660520618296544, "apple": 0.017885572893473818, "coconut": 0.0156701300788723, "peach": 0.012802753463532695, "pear": 0.016070197734938337}