{"banana": 0.020019925941413743, "apple": 0.01603313090216602, "coconut": 0.019131007713213632, "peach": 0.010379265483942551, "pear": 0.013808290313196537}