{"banana": 0.014950577506496452, "apple": 0.012619823762462628, "coconut": 0.017848855431112285, "peach": 0.016484622683404598, "pear": 0.016450544183401108}