{"banana": 0.013394005434742834, "apple": 0.014052076790036751, "coconut": 0.018959533117904052, "peach": 0.01265495294138319, "pear": 0.019443581172158126}