{"banana": 0.013713987118857731, "apple": 0.02337514379510654, "coconut": 0.0062966307745579335, "peach": 0.005815363505851021, "pear": 0.028355633944265848}