{"banana": 0.016752118642340406, "apple": 0.01686014650183838, "coconut": 0.014852224151054997, "peach": 0.01371703144128349, "pear": 0.01686014650183838}