{"banana": 0.01670905666661692, "apple": 0.009800752869429854, "coconut": 0.01309751011005899, "peach": 0.01825421971805054, "pear": 0.020269510160044312}