{"banana": 0.016236091238479328, "apple": 0.013623192302379681, "coconut": 0.020770132627266815, "peach": 0.01226871017530055, "pear": 0.015886562565125537}