{"banana": 0.014282739087063694, "apple": 0.016917756325970344, "coconut": 0.017736984930240896, "peach": 0.015235713081979433, "pear": 0.014316522685958333}