{"banana": 0.01380393027455428, "apple": 0.014650586440163793, "coconut": 0.015291382201466848, "peach": 0.01860792983489157, "pear": 0.015681780201008605}