{"banana": 0.010232047571790012, "apple": 0.0187041012955111, "coconut": 0.017267416220039338, "peach": 0.012254166296678096, "pear": 0.01968868641345509}