{"banana": 0.021384834013022207, "apple": 0.01562684596203941, "coconut": 0.01134557931803995, "peach": 0.014073151123972437, "pear": 0.016917756325970344}