{"banana": 0.01901843167478295, "apple": 0.015531633944743458, "coconut": 0.018544052421351254, "peach": 0.015572742219455357, "pear": 0.010026549460736622}