{"banana": 0.02050962769862491, "apple": 0.016215995304697004, "coconut": 0.015812298017374674, "peach": 0.010031276013955063, "pear": 0.017034168976319288}