{"banana": 0.02396349430150867, "apple": 0.017034168976319288, "coconut": 0.014193856071568027, "peach": 0.011585217820098389, "pear": 0.012864241470623046}