{"banana": 0.018309668827203158, "apple": 0.01375885770517334, "coconut": 0.0198492337408987, "peach": 0.01150419406805463, "pear": 0.015695267524899872}