{"banana": 0.014916945491636408, "apple": 0.012774272587229367, "coconut": 0.017698090155866444, "peach": 0.012214348207845673, "pear": 0.021079111363183564}