{"banana": 0.016159860748955354, "apple": 0.019087200896937984, "coconut": 0.014327135523425896, "peach": 0.013232076653273698, "pear": 0.01618243672318244}