{"banana": 0.02284798343137854, "apple": 0.015326207863365955, "coconut": 0.01585339385040667, "peach": 0.01209643459154539, "pear": 0.013431897262154007}