{"banana": 0.01382407837204469, "apple": 0.00992851661053971, "coconut": 0.022965388997224986, "peach": 0.014756740098185518, "pear": 0.0163859040796759}