{"banana": 0.02054784681193708, "apple": 0.013971433696982503, "coconut": 0.012035425866477505, "peach": 0.015436151241742881, "pear": 0.0171403231285255}