{"banana": 0.01702797351786763, "apple": 0.013431897262154007, "coconut": 0.015096793720550316, "peach": 0.017510408491368753, "pear": 0.01548222376149403}