{"banana": 0.014493133080151653, "apple": 0.014692915737000867, "coconut": 0.015779574876921186, "peach": 0.015892382159913832, "pear": 0.01764692255452277}