{"banana": 0.012796904279712753, "apple": 0.021898246475129658, "coconut": 0.01134557931803995, "peach": 0.010478408260090461, "pear": 0.021898246475129658}