{"banana": 0.014772941820122995, "apple": 0.013431897262154007, "coconut": 0.017819037696769676, "peach": 0.015030290197958924, "pear": 0.017485412117501323}