{"banana": 0.01923116078623852, "apple": 0.020086645757513337, "coconut": 0.01443557923072819, "peach": 0.01084086385545448, "pear": 0.014804128076061622}