{"banana": 0.01635179837642304, "apple": 0.020651011889550732, "coconut": 0.01281476231788705, "peach": 0.014913005991610167, "pear": 0.014008951396518228}