{"banana": 0.02320535274056498, "apple": 0.016283532982145278, "coconut": 0.016838228210311817, "peach": 0.010074262318444317, "pear": 0.013261211887642782}