{"banana": 0.022092102354986178, "apple": 0.014804128076061622, "coconut": 0.017050112692031973, "peach": 0.01084086385545448, "pear": 0.014804128076061622}