{"banana": 0.017082316828289014, "apple": 0.013734975327108101, "coconut": 0.01686150965535055, "peach": 0.02014519066166978, "pear": 0.010026549460736622}