{"banana": 0.013115821130963467, "apple": 0.01780169143326856, "coconut": 0.012610599705106498, "peach": 0.01771938730165029, "pear": 0.016849388448139234}