{"banana": 0.020522749410887497, "apple": 0.012121573986072916, "coconut": 0.022194340280193545, "peach": 0.011928939337168381, "pear": 0.012121573986072916}