{"banana": 0.020467751173877228, "apple": 0.010416549466508851, "coconut": 0.021353089515410692, "peach": 0.014721144045462277, "pear": 0.01163523864451864}