{"banana": 0.014772941820122995, "apple": 0.025067135906672637, "coconut": 0.01309751011005899, "peach": 0.022574842851635843, "pear": 0.0}