{"banana": 0.022092102354986178, "apple": 0.017485412117501323, "coconut": 0.017050112692031973, "peach": 0.008267797376012765, "pear": 0.014804128076061622}