{"banana": 0.021654410633421894, "apple": 0.01360704275996934, "coconut": 0.019198536462946062, "peach": 0.014122623541424548, "pear": 0.010399262519556902}