{"banana": 0.017703886624532726, "apple": 0.012888999207918602, "coconut": 0.017719136882042238, "peach": 0.016364818848099223, "pear": 0.013971433696982503}