{"banana": 0.0208022521255542, "apple": 0.021013621051325333, "coconut": 0.011986832423267216, "peach": 0.017033376646135565, "pear": 0.007581723789171326}