{"banana": 0.011809929280644033, "apple": 0.015648163358066357, "coconut": 0.01979117727595642, "peach": 0.011912445065561082, "pear": 0.01915742375298228}