{"banana": 0.022001134692379787, "apple": 0.010574760777928347, "coconut": 0.025802568561011277, "peach": 0.0024913678808253753, "pear": 0.01774056561117185}