{"banana": 0.02039172227234091, "apple": 0.013303474459503448, "coconut": 0.018784165391794134, "peach": 0.011980780190532178, "pear": 0.014832195351493717}