{"banana": 0.01923116078623852, "apple": 0.012598064527532328, "coconut": 0.0215626226256398, "peach": 0.00982173918215607, "pear": 0.015886562565125537}