{"banana": 0.013014462660002526, "apple": 0.018487796205137557, "coconut": 0.015491066507565628, "peach": 0.013108984083903773, "pear": 0.018487796205137557}