{"banana": 0.017798095946801394, "apple": 0.014692915737000867, "coconut": 0.01649658869437907, "peach": 0.01457350242734116, "pear": 0.015440859005993473}