{"banana": 0.015366345730679692, "apple": 0.0171403231285255, "coconut": 0.012035425866477505, "peach": 0.019531245408993567, "pear": 0.013971433696982503}