{"banana": 0.01796540469278766, "apple": 0.019263736204648087, "coconut": 0.016651024907398625, "peach": 0.012672163490170854, "pear": 0.012528937307861079}