{"banana": 0.01670905666661692, "apple": 0.020269510160044312, "coconut": 0.014814045928378376, "peach": 0.01209643459154539, "pear": 0.01519225725155123}