{"banana": 0.01923116078623852, "apple": 0.02261247060370111, "coconut": 0.008952022920533313, "peach": 0.018089536558168837, "pear": 0.009180573341547111}