{"banana": 0.020250685564972566, "apple": 0.018412387411313316, "coconut": 0.009450356508231856, "peach": 0.023720432494905384, "pear": 0.004980490149159313}