{"banana": 0.022092102354986178, "apple": 0.017485412117501323, "coconut": 0.01443557923072819, "peach": 0.013332231736279853, "pear": 0.012037709825772753}