{"banana": 0.010541872581968119, "apple": 0.014008951396518228, "coconut": 0.018563422222674684, "peach": 0.015663935137194093, "pear": 0.019037357332326574}