{"banana": 0.01380393027455428, "apple": 0.01670091293950382, "coconut": 0.014285860014653401, "peach": 0.0131939559350682, "pear": 0.020662270350167922}