{"banana": 0.050852453520408715, "apple": 0.015886562565125537, "coconut": 0.0, "peach": 0.0, "pear": 0.008304838775954214}