{"banana": 0.022001134692379787, "apple": 0.013029426080899902, "coconut": 0.015033029640156332, "peach": 0.019014700503459152, "pear": 0.009321000214528394}