{"banana": 0.026060611359427492, "apple": 0.017237517623628833, "coconut": 0.012335481386574787, "peach": 0.011392649632950388, "pear": 0.012650413496259507}