{"banana": 0.02756984609983574, "apple": 0.021013621051325333, "coconut": 0.004999420338560326, "peach": 0.008977951515803797, "pear": 0.016762297130718442}