{"banana": 0.009837801865181213, "apple": 0.01897130437465266, "coconut": 0.0221151182388949, "peach": 0.013596891335832053, "pear": 0.013094818095845551}