{"banana": 0.009922761467696042, "apple": 0.017196885841206627, "coconut": 0.018027542422600983, "peach": 0.014307045475623087, "pear": 0.018487796205137557}