{"banana": 0.017472681626118036, "apple": 0.015886562565125537, "coconut": 0.01944366908953861, "peach": 0.012416074532003865, "pear": 0.013786825882536085}