{"banana": 0.017703886624532726, "apple": 0.016096779448331044, "coconut": 0.014666150968256615, "peach": 0.016364818848099223, "pear": 0.013971433696982503}