{"banana": 0.01908338215192863, "apple": 0.018552927531821903, "coconut": 0.014525537559022816, "peach": 0.014528403864672943, "pear": 0.01237055824730656}