{"banana": 0.01646917062056189, "apple": 0.01217813669875404, "coconut": 0.016371547269107223, "peach": 0.014307045475623087, "pear": 0.019443581172158126}