{"banana": 0.018309668827203158, "apple": 0.011443943604292971, "coconut": 0.012456257004831734, "peach": 0.014992390416066542, "pear": 0.021557875511756724}