{"banana": 0.013472590453791783, "apple": 0.015060633577239349, "coconut": 0.017341091172097402, "peach": 0.014799031393675766, "pear": 0.017783819449650268}