{"banana": 0.014772941820122995, "apple": 0.016917756325970344, "coconut": 0.017325528275609677, "peach": 0.013681771275836127, "pear": 0.01605927789585825}