{"banana": 0.011994937881268465, "apple": 0.015886562565125537, "coconut": 0.02008492219476586, "peach": 0.018549781260994904, "pear": 0.010906072415966224}