{"banana": 0.01670905666661692, "apple": 0.01519225725155123, "coconut": 0.018146458653541007, "peach": 0.008826315725850563, "pear": 0.020269510160044312}