{"banana": 0.020467751173877228, "apple": 0.01519225725155123, "coconut": 0.021353089515410692, "peach": 0.010478408260090461, "pear": 0.01163523864451864}