{"banana": 0.022590314377547233, "apple": 0.014216194688892039, "coconut": 0.018311761493885977, "peach": 0.011954404694160576, "pear": 0.012321884087680073}