{"banana": 0.013394005434742834, "apple": 0.02286107235814336, "coconut": 0.008098089771498661, "peach": 0.007479132477413688, "pear": 0.026149570395736565}