{"banana": 0.010659244826106962, "apple": 0.018412387411313316, "coconut": 0.01380852374156493, "peach": 0.01275310366947978, "pear": 0.02246590226666063}