{"banana": 0.01698247889305873, "apple": 0.021203941161555353, "coconut": 0.012849435092551946, "peach": 0.013232076653273698, "pear": 0.014692915737000867}