{"banana": 0.012346624240569745, "apple": 0.01856784660656523, "coconut": 0.015491066507565628, "peach": 0.018291225847895907, "pear": 0.013120144314836671}