{"banana": 0.021384834013022207, "apple": 0.019443581172158126, "coconut": 0.010007510197370744, "peach": 0.008267797376012765, "pear": 0.020406407055171816}