{"banana": 0.015366345730679692, "apple": 0.0171403231285255, "coconut": 0.013623614782540544, "peach": 0.012582327765553476, "pear": 0.020198000221007723}