{"banana": 0.025811366939715277, "apple": 0.017196885841206627, "coconut": 0.014193856071568027, "peach": 0.0118923473584765, "pear": 0.010438860273396973}