{"banana": 0.01901843167478295, "apple": 0.015531633944743458, "coconut": 0.015144973837031155, "peach": 0.013987405535164614, "pear": 0.015531633944743458}