{"banana": 0.02107010655327663, "apple": 0.010737858356338826, "coconut": 0.014086643901964405, "peach": 0.015160004926678294, "pear": 0.018003302829742916}