{"banana": 0.024527227840924936, "apple": 0.013431897262154007, "coconut": 0.0217455411745174, "peach": 0.003203363015745669, "pear": 0.01648957435463622}