{"banana": 0.011167951315915354, "apple": 0.020029035933381355, "coconut": 0.02028566802503623, "peach": 0.01371703144128349, "pear": 0.012729759249951959}