{"banana": 0.023925512495597594, "apple": 0.014355923480581992, "coconut": 0.013998532690980614, "peach": 0.0168045132046293, "pear": 0.009828419120122828}