{"banana": 0.01600953220776171, "apple": 0.014556233582189153, "coconut": 0.010861443346405389, "peach": 0.016070524113565403, "pear": 0.021013621051325333}