{"banana": 0.014548242009421918, "apple": 0.016833689888358816, "coconut": 0.012898293997369987, "peach": 0.019291037494778267, "pear": 0.014446284222710323}