{"banana": 0.00885254405336574, "apple": 0.010574760777928347, "coconut": 0.019505937786453334, "peach": 0.015976714781553193, "pear": 0.022209999422447}