{"banana": 0.00833868531359723, "apple": 0.01975986048792537, "coconut": 0.010178984792680316, "peach": 0.015487090222358484, "pear": 0.023468286354296868}