{"banana": 0.017210480572379193, "apple": 0.014446284222710323, "coconut": 0.012898293997369987, "peach": 0.013009966409083897, "pear": 0.021420794015728148}