{"banana": 0.014454024968872293, "apple": 0.02301680940733262, "coconut": 0.017765616988856318, "peach": 0.010249961237370733, "pear": 0.013141930752211206}