{"banana": 0.020916205082333713, "apple": 0.013734975327108101, "coconut": 0.01686150965535055, "peach": 0.013987405535164614, "pear": 0.013734975327108101}