{"banana": 0.017688282224048817, "apple": 0.02267973024102416, "coconut": 0.012768822531346282, "peach": 0.012700064467134224, "pear": 0.013094818095845551}