{"banana": 0.018309668827203158, "apple": 0.015118849618038922, "coconut": 0.016233129155728894, "peach": 0.01150419406805463, "pear": 0.018149932827871407}