{"banana": 0.014965573895754841, "apple": 0.01670091293950382, "coconut": 0.017267416220039338, "peach": 0.010340132458878808, "pear": 0.01968868641345509}