{"banana": 0.020250685564972566, "apple": 0.018412387411313316, "coconut": 0.009450356508231856, "peach": 0.014690769941393168, "pear": 0.016312650728723847}