{"banana": 0.01600953220776171, "apple": 0.016762297130718442, "coconut": 0.016344999656600287, "peach": 0.012435404867582035, "pear": 0.017485412117501323}