{"banana": 0.010097164473717711, "apple": 0.025067135906672637, "coconut": 0.008952022920533313, "peach": 0.008267797376012765, "pear": 0.025067135906672637}