{"banana": 0.016926615046906686, "apple": 0.016215995304697004, "coconut": 0.01740048693343772, "peach": 0.015340551436762129, "pear": 0.012864241470623046}