{"banana": 0.01600953220776171, "apple": 0.021013621051325333, "coconut": 0.020490486846125956, "peach": 0.0068279129982094025, "pear": 0.014556233582189153}