{"banana": 0.022926439780713466, "apple": 0.01000094791631107, "coconut": 0.011775061107668393, "peach": 0.02042480433404146, "pear": 0.013094818095845551}