{"banana": 0.01923116078623852, "apple": 0.017485412117501323, "coconut": 0.008952022920533313, "peach": 0.022574842851635843, "pear": 0.009180573341547111}