{"banana": 0.017472681626118036, "apple": 0.016917756325970344, "coconut": 0.012401066594877382, "peach": 0.012416074532003865, "pear": 0.01994007742047285}