{"banana": 0.018606830074167677, "apple": 0.025067135906672637, "coconut": 0.005862023007845066, "peach": 0.008826315725850563, "pear": 0.020269510160044312}