{"banana": 0.029723519326619458, "apple": 0.014556233582189153, "coconut": 0.014193856071568027, "peach": 0.010031276013955063, "pear": 0.01113874239620391}