{"banana": 0.019727713323862688, "apple": 0.009429175095989359, "coconut": 0.01749035011805697, "peach": 0.010478408260090461, "pear": 0.021898246475129658}