{"banana": 0.02193090059223356, "apple": 0.01271767313358255, "coconut": 0.01649658869437907, "peach": 0.016153518829797753, "pear": 0.01163523864451864}