{"banana": 0.03051883032554301, "apple": 0.01026300783061102, "coconut": 0.0, "peach": 0.024989540968782434, "pear": 0.01026300783061102}