{"banana": 0.02408457381901725, "apple": 0.03107881981667677, "coconut": 0.01134557931803995, "peach": 0.010478408260090461, "pear": 0.0}