{"banana": 0.017909285685878556, "apple": 0.012230018126797965, "coconut": 0.01965502649488931, "peach": 0.014664547218715468, "pear": 0.014280344626138001}