{"banana": 0.011287669539304502, "apple": 0.0179790953408178, "coconut": 0.01607906631544492, "peach": 0.014170691841171267, "pear": 0.018714414943605706}