{"banana": 0.021384834013022207, "apple": 0.017767859223243258, "coconut": 0.013960112779343725, "peach": 0.015235713081979433, "pear": 0.010722823440276074}