{"banana": 0.015199821926208666, "apple": 0.01611318130359369, "coconut": 0.020015020394741487, "peach": 0.01944807476328215, "pear": 0.006554581964239527}