{"banana": 0.01923116078623852, "apple": 0.019443581172158126, "coconut": 0.01309751011005899, "peach": 0.006281071085694357, "pear": 0.021358710040301147}