{"banana": 0.01600953220776171, "apple": 0.014556233582189153, "coconut": 0.014193856071568027, "peach": 0.022217341108543464, "pear": 0.010438860273396973}