{"banana": 0.016856380946760462, "apple": 0.02077391015509451, "coconut": 0.011209307222850589, "peach": 0.01710695517649845, "pear": 0.0124690713791403}