{"banana": 0.01962635485290174, "apple": 0.017844731619782353, "coconut": 0.011986832423267216, "peach": 0.01107064878358123, "pear": 0.018913884368735874}