{"banana": 0.011793393274156603, "apple": 0.013431897262154007, "coconut": 0.01649658869437907, "peach": 0.021160903753249808, "pear": 0.014316522685958333}