{"banana": 0.009660560413957181, "apple": 0.016762297130718442, "coconut": 0.011986832423267216, "peach": 0.021678015982938028, "pear": 0.016762297130718442}