{"banana": 0.022092102354986178, "apple": 0.009180573341547111, "coconut": 0.011738030977146654, "peach": 0.019235126201438354, "pear": 0.016155083134564926}