{"banana": 0.022092102354986178, "apple": 0.014804128076061622, "coconut": 0.019586588607067322, "peach": 0.008267797376012765, "pear": 0.014804128076061622}