{"banana": 0.0, "apple": 0.018092626113654836, "coconut": 0.022793219468937018, "peach": 0.02553638288129748, "pear": 0.0064573874691361815}