{"banana": 0.02470890453108809, "apple": 0.016312650728723847, "coconut": 0.015906547204118424, "peach": 0.008728042078838837, "pear": 0.014161063490706421}