{"banana": 0.024488087785097985, "apple": 0.01698261293918091, "coconut": 0.010126927832119652, "peach": 0.01109678416996196, "pear": 0.01698261293918091}