{"banana": 0.01998576645954783, "apple": 0.01504058644593603, "coconut": 0.013623614782540544, "peach": 0.012582327765553476, "pear": 0.018171516889370302}