{"banana": 0.0152438736049251, "apple": 0.01125884559347611, "coconut": 0.016783344393961716, "peach": 0.017690595704599056, "pear": 0.017211833067562098}