{"banana": 0.012250837700501395, "apple": 0.014556233582189153, "coconut": 0.021496009032939405, "peach": 0.01509571037422217, "pear": 0.014556233582189153}