{"banana": 0.018389764465263015, "apple": 0.007999637567865163, "coconut": 0.020256743553901654, "peach": 0.01380240388511611, "pear": 0.018092626113654836}