{"banana": 0.01802187754377961, "apple": 0.01256916886955719, "coconut": 0.01597797691251811, "peach": 0.012482044688796214, "pear": 0.02004244851800347}