{"banana": 0.020250685564972566, "apple": 0.014161063490706421, "coconut": 0.025683485663960757, "peach": 0.008728042078838837, "pear": 0.009691629679431265}