{"banana": 0.016132318163520724, "apple": 0.015886562565125537, "coconut": 0.018959533117904052, "peach": 0.014307045475623087, "pear": 0.013431897262154007}