{"banana": 0.01901843167478295, "apple": 0.020709485120125926, "coconut": 0.01686150965535055, "peach": 0.010717286669469786, "pear": 0.011900489552019307}