{"banana": 0.0141187793800727, "apple": 0.01519225725155123, "coconut": 0.02029760223857326, "peach": 0.01156079089480143, "pear": 0.017485412117501323}