{"banana": 0.01998576645954783, "apple": 0.013971433696982503, "coconut": 0.014666150968256615, "peach": 0.011607514026210254, "pear": 0.019190649627865524}