{"banana": 0.01824244018511949, "apple": 0.01774056561117185, "coconut": 0.020588317177184273, "peach": 0.009523368112103659, "pear": 0.013029426080899902}