{"banana": 0.005477743744849575, "apple": 0.009691629679431265, "coconut": 0.021906613513063587, "peach": 0.016581740885012408, "pear": 0.02246590226666063}