{"banana": 0.020750866373459714, "apple": 0.016522586234487616, "coconut": 0.012158653782402997, "peach": 0.014163193012087929, "pear": 0.015726828595872936}