{"banana": 0.012250837700501395, "apple": 0.01113874239620391, "coconut": 0.03183606616416592, "peach": 0.010031276013955063, "pear": 0.01113874239620391}