{"banana": 0.013855858980977997, "apple": 0.017485412117501323, "coconut": 0.016274165443963068, "peach": 0.015030290197958924, "pear": 0.015886562565125537}