{"banana": 0.017472681626118036, "apple": 0.02774841994811233, "coconut": 0.011874961922395816, "peach": 0.010967328825425594, "pear": 0.01026300783061102}