{"banana": 0.01545504025377152, "apple": 0.02116908024657724, "coconut": 0.006144770800017003, "peach": 0.01906435029751206, "pear": 0.015886562565125537}