{"banana": 0.02408457381901725, "apple": 0.016450544183401108, "coconut": 0.01134557931803995, "peach": 0.01396660460810238, "pear": 0.013593407699175454}