{"banana": 0.007208993347929302, "apple": 0.017237517623628833, "coconut": 0.014601365884570979, "peach": 0.016523332622633776, "pear": 0.02159516841017556}