{"banana": 0.020250685564972566, "apple": 0.011954999942177122, "coconut": 0.01380852374156493, "peach": 0.015641951246622307, "pear": 0.01736884373111887}