{"banana": 0.025708925000126212, "apple": 0.0124690713791403, "coconut": 0.01494466183901635, "peach": 0.0029615400296616376, "pear": 0.02337514379510654}