{"banana": 0.006185012086813539, "apple": 0.015886562565125537, "coconut": 0.02008492219476586, "peach": 0.014307045475623087, "pear": 0.020597702095397488}