{"banana": 0.022388345018578358, "apple": 0.02035599637640069, "coconut": 0.00850365442285874, "peach": 0.01150419406805463, "pear": 0.0166475705100292}