{"banana": 0.020615075454020762, "apple": 0.01732684090754075, "coconut": 0.012610599705106498, "peach": 0.011646739968982953, "pear": 0.01732684090754075}