{"banana": 0.015574908218567282, "apple": 0.004980490149159313, "coconut": 0.017954010931090607, "peach": 0.01275310366947978, "pear": 0.02633920018946047}