{"banana": 0.021384834013022207, "apple": 0.019443581172158126, "coconut": 0.010007510197370744, "peach": 0.017510408491368753, "pear": 0.01026300783061102}