{"banana": 0.018309668827203158, "apple": 0.010364860391390524, "coconut": 0.017698090155866444, "peach": 0.01701322733369137, "pear": 0.015118849618038922}