{"banana": 0.01667071522767375, "apple": 0.01515739633657312, "coconut": 0.01619617954299731, "peach": 0.014307045475623087, "pear": 0.016609677551908415}