{"banana": 0.006611892192899214, "apple": 0.006011683910004121, "coconut": 0.01134557931803995, "peach": 0.0354679492288729, "pear": 0.01163523864451864}