{"banana": 0.01923116078623852, "apple": 0.01548222376149403, "coconut": 0.01309751011005899, "peach": 0.017510408491368753, "pear": 0.013431897262154007}