{"banana": 0.018309668827203158, "apple": 0.02035599637640069, "coconut": 0.012456257004831734, "peach": 0.014992390416066542, "pear": 0.012774272587229367}