{"banana": 0.013713987118857731, "apple": 0.013623192302379681, "coconut": 0.01974023355515139, "peach": 0.011229337405674384, "pear": 0.02024421335167226}