{"banana": 0.0, "apple": 0.025067135906672637, "coconut": 0.0, "peach": 0.0, "pear": 0.04451071707883077}