{"banana": 0.0208654049616848, "apple": 0.013094818095845551, "coconut": 0.016631561928700012, "peach": 0.015360369973774358, "pear": 0.013094818095845551}