{"banana": 0.017472681626118036, "apple": 0.02679263498109176, "coconut": 0.006539043587032328, "peach": 0.011646739968982953, "pear": 0.015886562565125537}