{"banana": 0.0150309081275957, "apple": 0.015060633577239349, "coconut": 0.010540211836596355, "peach": 0.016015668119103033, "pear": 0.02171538207259868}