{"banana": 0.02381115159257544, "apple": 0.0124690713791403, "coconut": 0.01585339385040667, "peach": 0.014641679231701583, "pear": 0.0124690713791403}