{"kiwi": 0.0, "banana": 0.0, "coconut": 0.014291714269269087, "apricot": 0.0, "apple": 0.054703631988055924, "lime": 0.014291714269269087, "peach": 0.0, "pear": 0.06445710476952095, "cherry": 0.1656555612092295, "papaya": 0.045006031726892604, "blueberry": 0.054703631988055924, "fig": 0.06445710476952095, "orange": 0.04161983534638364}