{"banana": 0.013331795484255723, "apple": 0.014355923480581992, "coconut": 0.01612278416211936, "peach": 0.0168045132046293, "pear": 0.017603561092654787}