{"banana": 0.022654182707375424, "apple": 0.015886562565125537, "coconut": 0.015491066507565628, "peach": 0.014307045475623087, "pear": 0.010906072415966224}