{"banana": 0.02756984609983574, "apple": 0.025067135906672637, "coconut": 0.0, "peach": 0.01574692985342645, "pear": 0.009180573341547111}