{"banana": 0.018606830074167677, "apple": 0.0, "coconut": 0.021353089515410692, "peach": 0.01972101937544645, "pear": 0.016917756325970344}