{"banana": 0.0, "apple": 0.033066773474537806, "coconut": 0.017642210092597897, "peach": 0.011229337405674384, "pear": 0.0124690713791403}