{"banana": 0.012796904279712753, "apple": 0.01163523864451864, "coconut": 0.008648031064458417, "peach": 0.01972101937544645, "pear": 0.02428565214077815}