{"banana": 0.018606830074167677, "apple": 0.013431897262154007, "coconut": 0.014814045928378376, "peach": 0.013681771275836127, "pear": 0.018609748437536464}