{"banana": 0.016564291646098267, "apple": 0.017783819449650268, "coconut": 0.011944634442197578, "peach": 0.016015668119103033, "pear": 0.01643286439114697}