{"banana": 0.022654182707375424, "apple": 0.01004759398585413, "coconut": 0.01309751011005899, "peach": 0.015030290197958924, "pear": 0.01827396823077403}