{"banana": 0.020916205082333713, "apple": 0.016416259368547792, "coconut": 0.013393043045012125, "peach": 0.01712668402559867, "pear": 0.010968557076819239}