{"banana": 0.015931075858426784, "apple": 0.01526638303724279, "coconut": 0.014124297628766012, "peach": 0.015822784375411163, "pear": 0.01756964108087542}