{"banana": 0.016203332931764815, "apple": 0.0166475705100292, "coconut": 0.016233129155728894, "peach": 0.016680014532024137, "pear": 0.012774272587229367}