{"banana": 0.017472681626118036, "apple": 0.016736665462398433, "coconut": 0.01295459059253028, "peach": 0.017325552111694193, "pear": 0.014161063490706421}