{"banana": 0.013148590639014034, "apple": 0.02246590226666063, "coconut": 0.015906547204118424, "peach": 0.014690769941393168, "pear": 0.011954999942177122}