{"banana": 0.022252119799677478, "apple": 0.01026300783061102, "coconut": 0.010007510197370744, "peach": 0.016793768835901248, "pear": 0.019443581172158126}