{"banana": 0.014599485799267859, "apple": 0.013274187072809415, "coconut": 0.018311761493885977, "peach": 0.01529412134435807, "pear": 0.01698261293918091}