{"banana": 0.015083588527654358, "apple": 0.013714344367895938, "coconut": 0.019728458122641755, "peach": 0.01460372445616949, "pear": 0.015390066316810811}