{"banana": 0.01662831999346757, "apple": 0.015886562565125537, "coconut": 0.014742465778283574, "peach": 0.012214348207845673, "pear": 0.01962683014784827}