{"banana": 0.021829542121272624, "apple": 0.013141930752211206, "coconut": 0.02394766159211961, "peach": 0.010249961237370733, "pear": 0.009584912145178615}