{"banana": 0.021147913186892225, "apple": 0.012969642300972839, "coconut": 0.01443557923072819, "peach": 0.014145415146836817, "pear": 0.016600786693696988}