{"banana": 0.01646917062056189, "apple": 0.015735155305786636, "coconut": 0.01309751011005899, "peach": 0.014170691841171267, "pear": 0.019443581172158126}