{"banana": 0.014772941820122995, "apple": 0.013431897262154007, "coconut": 0.018443023119153787, "peach": 0.01798455795136469, "pear": 0.013431897262154007}