{"banana": 0.016856380946760462, "apple": 0.007999637567865163, "coconut": 0.018959533117904052, "peach": 0.015057974621207011, "pear": 0.019443581172158126}