{"banana": 0.01813589828936558, "apple": 0.0069745097930178105, "coconut": 0.0217455411745174, "peach": 0.014850102984728615, "pear": 0.01648957435463622}