{"banana": 0.018851618011498195, "apple": 0.020198000221007723, "coconut": 0.016713614695228796, "peach": 0.009620787735891846, "pear": 0.013971433696982503}