{"banana": 0.014772941820122995, "apple": 0.013431897262154007, "coconut": 0.017531505668940222, "peach": 0.017510408491368753, "pear": 0.014974147360882971}