{"banana": 0.01980075785892341, "apple": 0.016833689888358816, "coconut": 0.014086643901964405, "peach": 0.015160004926678294, "pear": 0.01322759504470053}