{"banana": 0.015366345730679692, "apple": 0.0171403231285255, "coconut": 0.01821747046974078, "peach": 0.014022212143356834, "pear": 0.013971433696982503}