{"banana": 0.01977413348721163, "apple": 0.0179790953408178, "coconut": 0.01309751011005899, "peach": 0.01348534690072781, "pear": 0.014974147360882971}