{"banana": 0.014631697247230126, "apple": 0.0178114549893128, "coconut": 0.012972284393747334, "peach": 0.016040556002877408, "pear": 0.017076135386524888}