{"banana": 0.012796904279712753, "apple": 0.01562684596203941, "coconut": 0.025946945202610937, "peach": 0.010478408260090461, "pear": 0.012986193703021948}