{"banana": 0.021178516548276405, "apple": 0.014628275633275675, "coconut": 0.016550313408870473, "peach": 0.013173863373984728, "pear": 0.013832517994660991}