{"banana": 0.017472681626118036, "apple": 0.0, "coconut": 0.015491066507565628, "peach": 0.0, "pear": 0.040953698471798194}