{"banana": 0.01781556007903381, "apple": 0.02000393587391771, "coconut": 0.015795058363640528, "peach": 0.010267179338785449, "pear": 0.015416831746548386}