{"banana": 0.009133996312520811, "apple": 0.03237613691976177, "coconut": 0.015491066507565628, "peach": 0.010967328825425594, "pear": 0.008304838775954214}