{"banana": 0.005477743744849575, "apple": 0.014161063490706421, "coconut": 0.01380852374156493, "peach": 0.023720432494905384, "pear": 0.018412387411313316}