{"banana": 0.014950577506496452, "apple": 0.016450544183401108, "coconut": 0.01694973981191571, "peach": 0.012241886898032772, "pear": 0.018304547229447413}