{"banana": 0.011994937881268465, "apple": 0.015886562565125537, "coconut": 0.015491066507565628, "peach": 0.00982173918215607, "pear": 0.025067135906672637}