{"banana": 0.014916945491636408, "apple": 0.014344312466396579, "coconut": 0.015491066507565628, "peach": 0.017675437988329636, "pear": 0.015886562565125537}