{"banana": 0.017472681626118036, "apple": 0.014344312466396579, "coconut": 0.0198492337408987, "peach": 0.010064309690251273, "pear": 0.017401989558878797}