{"banana": 0.016159860748955354, "apple": 0.01764692255452277, "coconut": 0.01134557931803995, "peach": 0.015892382159913832, "pear": 0.01764692255452277}