{"banana": 0.017472681626118036, "apple": 0.014052076790036751, "coconut": 0.025498576704936382, "peach": 0.007479132477413688, "pear": 0.014052076790036751}