{"banana": 0.023657693712931586, "apple": 0.02151011729964006, "coconut": 0.00962904349972057, "peach": 0.015604124542162279, "pear": 0.008304838775954214}