{"banana": 0.015681331800142768, "apple": 0.010906072415966224, "coconut": 0.015491066507565628, "peach": 0.017160868951812486, "pear": 0.019055451996668523}