{"banana": 0.015083588527654358, "apple": 0.017034168976319288, "coconut": 0.015812298017374674, "peach": 0.01822056263115979, "pear": 0.01200576304051094}