{"banana": 0.011027603096503597, "apple": 0.02399798315771913, "coconut": 0.013393043045012125, "peach": 0.02014519066166978, "pear": 0.008111420592593592}