{"banana": 0.013115821130963467, "apple": 0.014912978628412711, "coconut": 0.019185806575569304, "peach": 0.018549781260994904, "pear": 0.01192520515446145}