{"banana": 0.01670905666661692, "apple": 0.017767859223243258, "coconut": 0.015659482089242813, "peach": 0.01675947934578483, "pear": 0.01163523864451864}