{"banana": 0.01702797351786763, "apple": 0.013431897262154007, "coconut": 0.020826984842929126, "peach": 0.006281071085694357, "pear": 0.021358710040301147}