{"banana": 0.0152438736049251, "apple": 0.01125884559347611, "coconut": 0.022965388997224986, "peach": 0.016967350982263225, "pear": 0.01125884559347611}