{"banana": 0.02465080545361289, "apple": 0.010906072415966224, "coconut": 0.013581646081693542, "peach": 0.013430259852566783, "pear": 0.016849388448139234}