{"banana": 0.011287669539304502, "apple": 0.019443581172158126, "coconut": 0.010007510197370744, "peach": 0.009242611115355993, "pear": 0.02774841994811233}