{"banana": 0.016790583192469514, "apple": 0.01680863313597177, "coconut": 0.013355372624028299, "peach": 0.015137439434967717, "pear": 0.01680863313597177}