{"banana": 0.02077764449276779, "apple": 0.014344312466396579, "coconut": 0.013987210733053645, "peach": 0.013615662175984408, "pear": 0.0166475705100292}