{"banana": 0.012147176873347237, "apple": 0.01897130437465266, "coconut": 0.020326301996703672, "peach": 0.011792869428125656, "pear": 0.015098006451852832}