{"banana": 0.013088637915532254, "apple": 0.02399798315771913, "coconut": 0.013393043045012125, "peach": 0.013987405535164614, "pear": 0.013734975327108101}