{"banana": 0.03885751563914025, "apple": 0.0, "coconut": 0.0, "peach": 0.03181745396699184, "pear": 0.0}