{"banana": 0.012250837700501395, "apple": 0.014556233582189153, "coconut": 0.015812298017374674, "peach": 0.013108984083903773, "pear": 0.022555871150054304}