{"banana": 0.013088637915532254, "apple": 0.015531633944743458, "coconut": 0.013393043045012125, "peach": 0.015572742219455357, "pear": 0.020709485120125926}