{"banana": 0.022432215207195298, "apple": 0.014923736682111846, "coconut": 0.012158653782402997, "peach": 0.011229337405674384, "pear": 0.01886716326529719}