{"banana": 0.0, "apple": 0.04451071707883077, "coconut": 0.024443089428098932, "peach": 0.0, "pear": 0.0}