{"banana": 0.01813589828936558, "apple": 0.017485412117501323, "coconut": 0.015096793720550316, "peach": 0.01209643459154539, "pear": 0.01648957435463622}