{"banana": 0.025708925000126212, "apple": 0.018092626113654836, "coconut": 0.012158653782402997, "peach": 0.011229337405674384, "pear": 0.0124690713791403}