{"banana": 0.005809925794454927, "apple": 0.02369490509276502, "coconut": 0.027057622889402708, "peach": 0.017510408491368753, "pear": 0.0}