{"banana": 0.014772941820122995, "apple": 0.017485412117501323, "coconut": 0.024443089428098932, "peach": 0.01574692985342645, "pear": 0.0047111395302719536}