{"banana": 0.019898999205671286, "apple": 0.0167203952997472, "coconut": 0.010730626333439167, "peach": 0.015057974621207011, "pear": 0.0167203952997472}