{"banana": 0.018913827961985312, "apple": 0.013205278523685847, "coconut": 0.01676876927888399, "peach": 0.010656550213742037, "pear": 0.01975986048792537}