{"banana": 0.034181738292734964, "apple": 0.0, "coconut": 0.021353089515410692, "peach": 0.0, "pear": 0.021898246475129658}