{"banana": 0.01799211067745545, "apple": 0.014774525610743602, "coconut": 0.01821747046974078, "peach": 0.018189819634926115, "pear": 0.008990943547823203}