{"banana": 0.018212719476132583, "apple": 0.01984791997578964, "coconut": 0.020912852089385706, "peach": 0.014913005991610167, "pear": 0.003961357410664102}