{"banana": 0.01391343448608025, "apple": 0.007808342527639482, "coconut": 0.014601365884570979, "peach": 0.01348534690072781, "pear": 0.02774841994811233}