{"banana": 0.019559361193857448, "apple": 0.009344823825292123, "coconut": 0.011944634442197578, "peach": 0.02404164250903176, "pear": 0.012249587999047669}