{"banana": 0.03118666874497578, "apple": 0.0064573874691361815, "coconut": 0.0062966307745579335, "peach": 0.016293771765941493, "pear": 0.018092626113654836}