{"banana": 0.02320535274056498, "apple": 0.016283532982145278, "coconut": 0.014907107967405095, "peach": 0.014664547218715468, "pear": 0.010130281444208512}