{"banana": 0.017688282224048817, "apple": 0.015098006451852832, "coconut": 0.013751095126240882, "peach": 0.012700064467134224, "pear": 0.01991331199073529}