{"banana": 0.01646917062056189, "apple": 0.014974147360882971, "coconut": 0.014601365884570979, "peach": 0.009242611115355993, "pear": 0.02369490509276502}