{"banana": 0.014548242009421918, "apple": 0.014446284222710323, "coconut": 0.01755511051230283, "peach": 0.01725270219445572, "pear": 0.014446284222710323}