{"banana": 0.018212719476132583, "apple": 0.018219183660704283, "coconut": 0.016147175043049668, "peach": 0.013389239727804775, "pear": 0.013141930752211206}