{"banana": 0.016528492458024093, "apple": 0.020867052714284847, "coconut": 0.01714093646672756, "peach": 0.008728042078838837, "pear": 0.015886562565125537}