{"banana": 0.019559361193857448, "apple": 0.01911414843258666, "coconut": 0.013326219893209696, "peach": 0.013563234248941297, "pear": 0.013666446140858097}