{"banana": 0.017472681626118036, "apple": 0.015886562565125537, "coconut": 0.010634565686534009, "peach": 0.01209643459154539, "pear": 0.02286107235814336}