{"banana": 0.010779262907366232, "apple": 0.018609748437536464, "coconut": 0.019764900599347646, "peach": 0.015235713081979433, "pear": 0.013431897262154007}