{"banana": 0.016282176560531242, "apple": 0.012969642300972839, "coconut": 0.019586588607067322, "peach": 0.01574692985342645, "pear": 0.01389171287181905}