{"banana": 0.018717302046470013, "apple": 0.011207056673184517, "coconut": 0.01380852374156493, "peach": 0.02141228089362885, "pear": 0.01269657765936608}