{"banana": 0.0, "apple": 0.016917756325970344, "coconut": 0.030305112435944005, "peach": 0.010478408260090461, "pear": 0.016917756325970344}