{"banana": 0.013148590639014034, "apple": 0.011954999942177122, "coconut": 0.015906547204118424, "peach": 0.016581740885012408, "pear": 0.020462713910653338}