{"kiwi": 0.02815674585715757, "banana": 0.0, "coconut": 0.02815674585715757, "apricot": 0.0, "apple": 0.0, "lime": 0.02815674585715757, "peach": 0.045006031726892604, "pear": 0.06445710476952095, "cherry": 0.0, "papaya": 0.0, "blueberry": 0.054703631988055924, "fig": 0.06445710476952095, "orange": 0.10363769827780657}