{"banana": 0.0064631963905929105, "apple": 0.013141930752211206, "coconut": 0.016147175043049668, "peach": 0.022117281806643626, "pear": 0.018219183660704283}