{"banana": 0.02338145675925967, "apple": 0.014732441641886168, "coconut": 0.016233129155728894, "peach": 0.010607367199356812, "pear": 0.014732441641886168}