{"banana": 0.016282176560531242, "apple": 0.014804128076061622, "coconut": 0.017050112692031973, "peach": 0.008267797376012765, "pear": 0.02261247060370111}