{"banana": 0.0, "apple": 0.018092626113654836, "coconut": 0.027649720289968635, "peach": 0.021051076587830467, "pear": 0.0064573874691361815}