{"banana": 0.025959145574025167, "apple": 0.017485412117501323, "coconut": 0.012284435645695924, "peach": 0.01284024581822718, "pear": 0.010906072415966224}