{"banana": 0.014223745902461414, "apple": 0.018743699049351182, "coconut": 0.01689548911316685, "peach": 0.011646739968982953, "pear": 0.01732684090754075}