{"banana": 0.01600953220776171, "apple": 0.01229286331944329, "coconut": 0.018443023119153787, "peach": 0.01209643459154539, "pear": 0.019970077371130886}