{"banana": 0.01600953220776171, "apple": 0.013205278523685847, "coconut": 0.01676876927888399, "peach": 0.013108984083903773, "pear": 0.01975986048792537}