{"banana": 0.022388345018578358, "apple": 0.0166475705100292, "coconut": 0.012456257004831734, "peach": 0.01150419406805463, "pear": 0.0166475705100292}