{"banana": 0.012463566811956957, "apple": 0.01548222376149403, "coconut": 0.011050046383086806, "peach": 0.013942907945720043, "pear": 0.025067135906672637}