{"banana": 0.017721926045830255, "apple": 0.01834753079810276, "coconut": 0.017890768923602734, "peach": 0.012445974131101656, "pear": 0.012650413496259507}