{"banana": 0.01710479470463464, "apple": 0.012134580159069003, "coconut": 0.016783344393961716, "peach": 0.016967350982263225, "pear": 0.015552071345054246}