{"banana": 0.014772941820122995, "apple": 0.0047111395302719536, "coconut": 0.01309751011005899, "peach": 0.019235126201438354, "pear": 0.025067135906672637}