{"banana": 0.017472681626118036, "apple": 0.015886562565125537, "coconut": 0.017050112692031973, "peach": 0.00982173918215607, "pear": 0.019055451996668523}