{"banana": 0.012796904279712753, "apple": 0.017485412117501323, "coconut": 0.022395625701126763, "peach": 0.013681771275836127, "pear": 0.01163523864451864}