{"banana": 0.020615075454020762, "apple": 0.015886562565125537, "coconut": 0.00962904349972057, "peach": 0.01937147983589019, "pear": 0.012932555747603634}