{"banana": 0.021384834013022207, "apple": 0.019443581172158126, "coconut": 0.015096793720550316, "peach": 0.010205463647926152, "pear": 0.013431897262154007}