{"banana": 0.01600953220776171, "apple": 0.007581723789171326, "coconut": 0.03445059962546968, "peach": 0.010031276013955063, "pear": 0.007581723789171326}