{"banana": 0.021384834013022207, "apple": 0.013431897262154007, "coconut": 0.018959533117904052, "peach": 0.0, "pear": 0.025067135906672637}