{"banana": 0.02426488323318602, "apple": 0.01613235921845607, "coconut": 0.013302989371359658, "peach": 0.01228620855799827, "pear": 0.013642622530094376}