{"banana": 0.02039172227234091, "apple": 0.017076135386524888, "coconut": 0.013720885123029382, "peach": 0.016040556002877408, "pear": 0.011747453541966586}