{"banana": 0.019426741314038848, "apple": 0.018458996054214142, "coconut": 0.011583912246086419, "peach": 0.012222291069017769, "pear": 0.017663238415599476}