{"banana": 0.029723519326619458, "apple": 0.021013621051325333, "coconut": 0.014193856071568027, "peach": 0.013108984083903773, "pear": 0.0}