{"banana": 0.021169233415091422, "apple": 0.012729759249951959, "coconut": 0.010746805640950154, "peach": 0.01942656688405122, "pear": 0.014405481198866836}