{"banana": 0.014223745902461414, "apple": 0.015886562565125537, "coconut": 0.01406303905860179, "peach": 0.012988165743050414, "pear": 0.02151011729964006}