{"banana": 0.02815242798730376, "apple": 0.010026549460736622, "coconut": 0.015144973837031155, "peach": 0.015572742219455357, "pear": 0.010026549460736622}