{"banana": 0.015199821926208666, "apple": 0.012650413496259507, "coconut": 0.020015020394741487, "peach": 0.014511132708691971, "pear": 0.01611318130359369}