{"banana": 0.011994937881268465, "apple": 0.010906072415966224, "coconut": 0.028588576617624612, "peach": 0.00982173918215607, "pear": 0.015886562565125537}