{"banana": 0.016564291646098267, "apple": 0.012249587999047669, "coconut": 0.018638301608095008, "peach": 0.012307663512850389, "pear": 0.01911414843258666}