{"banana": 0.01785678805358238, "apple": 0.018811402903437694, "coconut": 0.01324362473443829, "peach": 0.01223138130903752, "pear": 0.017102821576052706}