{"banana": 0.01695605274499107, "apple": 0.010574760777928347, "coconut": 0.012705058450952293, "peach": 0.018682896639621457, "pear": 0.019255992604925103}