{"banana": 0.022169294808100592, "apple": 0.014280344626138001, "coconut": 0.016838228210311817, "peach": 0.011014051956834409, "pear": 0.015287695219280183}