{"banana": 0.012796904279712753, "apple": 0.016917756325970344, "coconut": 0.015491066507565628, "peach": 0.016153518829797753, "pear": 0.016917756325970344}