{"banana": 0.00799082857827936, "apple": 0.02168752120718928, "coconut": 0.015182660967006883, "peach": 0.018189819634926115, "pear": 0.013971433696982503}