{"banana": 0.014611740057370384, "apple": 0.0192383163991995, "coconut": 0.012091987923245529, "peach": 0.014307045475623087, "pear": 0.018412387411313316}