{"banana": 0.014223745902461414, "apple": 0.014912978628412711, "coconut": 0.014541719948013223, "peach": 0.01603176318569269, "pear": 0.018743699049351182}