{"banana": 0.01901843167478295, "apple": 0.013734975327108101, "coconut": 0.01686150965535055, "peach": 0.0037374442977938915, "pear": 0.025596832710094903}