{"banana": 0.01600953220776171, "apple": 0.011525150372356675, "coconut": 0.017050112692031973, "peach": 0.01639278944076136, "pear": 0.017485412117501323}