{"banana": 0.020370703646231843, "apple": 0.014732441641886168, "coconut": 0.016233129155728894, "peach": 0.019950133397718957, "pear": 0.0066210210492925895}