{"kiwi": 0.03872609348667805, "banana": 0.0, "coconut": 0.05694192097566775, "apricot": 0.0, "apple": 0.07447019235682993, "lime": 0.03872609348667805, "peach": 0.031595073081303486, "pear": 0.04525008888053903, "cherry": 0.031595073081303486, "papaya": 0.031595073081303486, "blueberry": 0.019766560368774045, "fig": 0.04525008888053903, "orange": 0.0}