{"banana": 0.024289129767245798, "apple": 0.015326207863365955, "coconut": 0.010730626333439167, "peach": 0.009910457673101716, "pear": 0.019443581172158126}