{"banana": 0.015510133342589839, "apple": 0.012075685357350327, "coconut": 0.021225417615900244, "peach": 0.016227467159645362, "pear": 0.013094818095845551}