{"banana": 0.01962635485290174, "apple": 0.017844731619782353, "coconut": 0.020490486846125956, "peach": 0.0034881963480119156, "pear": 0.017844731619782353}