{"banana": 0.022388345018578358, "apple": 0.014732441641886168, "coconut": 0.016233129155728894, "peach": 0.007853698806173561, "pear": 0.01852151060131191}