{"banana": 0.0, "apple": 0.035330143737283666, "coconut": 0.0, "peach": 0.0, "pear": 0.035330143737283666}