{"banana": 0.017306157821647013, "apple": 0.017237517623628833, "coconut": 0.01607906631544492, "peach": 0.01348534690072781, "pear": 0.014974147360882971}