{"banana": 0.01975456146113315, "apple": 0.020487124852352576, "coconut": 0.015831610583235112, "peach": 0.011418197898480566, "pear": 0.011766367120470527}