{"banana": 0.022551190300514706, "apple": 0.019087200896937984, "coconut": 0.021353089515410692, "peach": 0.009064469161704418, "pear": 0.00683761289789032}