{"banana": 0.021047981555981032, "apple": 0.011443943604292971, "coconut": 0.02217720493010275, "peach": 0.010306132676335305, "pear": 0.014084595863310453}