{"banana": 0.01462237709887752, "apple": 0.0196348762123838, "coconut": 0.012964021263846609, "peach": 0.017682684075123915, "pear": 0.013295000367026504}