{"banana": 0.020467751173877228, "apple": 0.01519225725155123, "coconut": 0.014814045928378376, "peach": 0.022574842851635843, "pear": 0.004053514855347317}