{"banana": 0.005809925794454927, "apple": 0.014974147360882971, "coconut": 0.010007510197370744, "peach": 0.017510408491368753, "pear": 0.02774841994811233}