{"banana": 0.020348776080557827, "apple": 0.02074551359110667, "coconut": 0.013488157387349735, "peach": 0.01388401751377577, "pear": 0.010574760777928347}