{"banana": 0.02190146289414919, "apple": 0.015098006451852832, "coconut": 0.014722141502827928, "peach": 0.010875063680307342, "pear": 0.01705617550650964}