{"banana": 0.01646917062056189, "apple": 0.005282517681451706, "coconut": 0.027057622889402708, "peach": 0.009242611115355993, "pear": 0.019443581172158126}