{"banana": 0.02284798343137854, "apple": 0.0124690713791403, "coconut": 0.012158653782402997, "peach": 0.01870846988308807, "pear": 0.0124690713791403}