{"banana": 0.009133996312520811, "apple": 0.008304838775954214, "coconut": 0.028588576617624612, "peach": 0.0, "pear": 0.029318459827279538}