{"banana": 0.02756984609983574, "apple": 0.0069745097930178105, "coconut": 0.01309751011005899, "peach": 0.017510408491368753, "pear": 0.013431897262154007}