{"banana": 0.015820323014296082, "apple": 0.018092626113654836, "coconut": 0.017642210092597897, "peach": 0.007661836860025686, "pear": 0.019889284731290185}