{"banana": 0.012796904279712753, "apple": 0.01163523864451864, "coconut": 0.021353089515410692, "peach": 0.0, "pear": 0.03107881981667677}