{"banana": 0.011926994294331705, "apple": 0.017102821576052706, "coconut": 0.01916402330839775, "peach": 0.013036224229935492, "pear": 0.017102821576052706}