{"banana": 0.019898999205671286, "apple": 0.018092626113654836, "coconut": 0.0062966307745579335, "peach": 0.005815363505851021, "pear": 0.028355633944265848}