{"banana": 0.017472681626118036, "apple": 0.014052076790036751, "coconut": 0.017242997299584666, "peach": 0.017510408491368753, "pear": 0.01217813669875404}