{"banana": 0.018717302046470013, "apple": 0.014161063490706421, "coconut": 0.017954010931090607, "peach": 0.010092798162839643, "pear": 0.018412387411313316}