{"banana": 0.009591440738865593, "apple": 0.012774272587229367, "coconut": 0.0198492337408987, "peach": 0.01150419406805463, "pear": 0.023913014983433286}