{"banana": 0.014299684436831144, "apple": 0.018030006739184378, "coconut": 0.015164902448155071, "peach": 0.01324762634060939, "pear": 0.018030006739184378}