{"banana": 0.01635179837642304, "apple": 0.016559421938196428, "coconut": 0.013660198478751492, "peach": 0.015663935137194093, "pear": 0.016559421938196428}