{"banana": 0.025708925000126212, "apple": 0.008507713968476221, "coconut": 0.008295914385049273, "peach": 0.016293771765941493, "pear": 0.019889284731290185}