{"banana": 0.008718228088337566, "apple": 0.021898246475129658, "coconut": 0.02291213569987703, "peach": 0.015235713081979433, "pear": 0.00792681277814716}