{"banana": 0.022214574480740792, "apple": 0.010682935659389303, "coconut": 0.013623614782540544, "peach": 0.009620787735891846, "pear": 0.02315200703852962}