{"banana": 0.012250837700501395, "apple": 0.01113874239620391, "coconut": 0.02635250985397104, "peach": 0.0068279129982094025, "pear": 0.021013621051325333}