{"banana": 0.01923116078623852, "apple": 0.010906072415966224, "coconut": 0.015491066507565628, "peach": 0.014307045475623087, "pear": 0.019055451996668523}