{"banana": 0.0152438736049251, "apple": 0.013001600803376031, "coconut": 0.01597797691251811, "peach": 0.018407235360066578, "pear": 0.015552071345054246}