{"banana": 0.022001134692379787, "apple": 0.013029426080899902, "coconut": 0.013488157387349735, "peach": 0.015976714781553193, "pear": 0.014628275633275675}