{"banana": 0.01695605274499107, "apple": 0.015416831746548386, "coconut": 0.012705058450952293, "peach": 0.018015050081875733, "pear": 0.015416831746548386}