{"banana": 0.014223745902461414, "apple": 0.012932555747603634, "coconut": 0.012610599705106498, "peach": 0.01937147983589019, "pear": 0.018743699049351182}