{"banana": 0.02039172227234091, "apple": 0.012528937307861079, "coconut": 0.017368038724856517, "peach": 0.012672163490170854, "pear": 0.016334557669335913}