{"banana": 0.01905675778021684, "apple": 0.015886562565125537, "coconut": 0.01689548911316685, "peach": 0.015604124542162279, "pear": 0.011417128753850392}