{"banana": 0.015574908218567282, "apple": 0.02246590226666063, "coconut": 0.009450356508231856, "peach": 0.01275310366947978, "pear": 0.018412387411313316}