{"banana": 0.022092102354986178, "apple": 0.013431897262154007, "coconut": 0.01443557923072819, "peach": 0.01209643459154539, "pear": 0.017485412117501323}