{"banana": 0.02193090059223356, "apple": 0.01163523864451864, "coconut": 0.01944366908953861, "peach": 0.014307045475623087, "pear": 0.01163523864451864}