{"banana": 0.014102768282322627, "apple": 0.01729199393414069, "coconut": 0.021006996844876228, "peach": 0.013987405535164614, "pear": 0.011900489552019307}