{"banana": 0.011681240627816501, "apple": 0.014804128076061622, "coconut": 0.018327815463350317, "peach": 0.01574692985342645, "pear": 0.017485412117501323}