{"banana": 0.02408457381901725, "apple": 0.019443581172158126, "coconut": 0.012226060079581547, "peach": 0.015235713081979433, "pear": 0.00792681277814716}