{"banana": 0.017472681626118036, "apple": 0.017936889064465576, "coconut": 0.01847262271295157, "peach": 0.009491332391355486, "pear": 0.015886562565125537}