{"banana": 0.023111627133720225, "apple": 0.011833047709778232, "coconut": 0.01676876927888399, "peach": 0.014307045475623087, "pear": 0.013205278523685847}