{"banana": 0.021384834013022207, "apple": 0.01026300783061102, "coconut": 0.014601365884570979, "peach": 0.02133904570690138, "pear": 0.01026300783061102}