{"banana": 0.022575339078609005, "apple": 0.014974147360882971, "coconut": 0.012335481386574787, "peach": 0.016523332622633776, "pear": 0.012650413496259507}