{"banana": 0.0, "apple": 0.035330143737283666, "coconut": 0.03445059962546968, "peach": 0.0, "pear": 0.0}