{"banana": 0.014772941820122995, "apple": 0.019443581172158126, "coconut": 0.010007510197370744, "peach": 0.020083474970810478, "pear": 0.013431897262154007}