{"banana": 0.02408457381901725, "apple": 0.01163523864451864, "coconut": 0.013960112779343725, "peach": 0.010478408260090461, "pear": 0.019443581172158126}