{"banana": 0.020615075454020762, "apple": 0.009874878655121424, "coconut": 0.01642992283522161, "peach": 0.015174142661494087, "pear": 0.016849388448139234}