{"banana": 0.0152438736049251, "apple": 0.02004244851800347, "coconut": 0.014755428724854953, "peach": 0.00894137659233449, "pear": 0.02004244851800347}