{"banana": 0.025593808559425522, "apple": 0.01163523864451864, "coconut": 0.009814625589818042, "peach": 0.017189461226453026, "pear": 0.014692915737000867}