{"banana": 0.015745888505420025, "apple": 0.010722823440276074, "coconut": 0.012226060079581547, "peach": 0.01972101937544645, "pear": 0.019443581172158126}