{"banana": 0.014965573895754841, "apple": 0.017708263532646012, "coconut": 0.011195860101965162, "peach": 0.015040429289242855, "pear": 0.01968868641345509}