{"banana": 0.01962635485290174, "apple": 0.019443581172158126, "coconut": 0.005604160493875753, "peach": 0.01460372445616949, "pear": 0.019443581172158126}