{"banana": 0.021627146216350326, "apple": 0.017885572893473818, "coconut": 0.013862282448285412, "peach": 0.012802753463532695, "pear": 0.013274187072809415}