{"banana": 0.01980075785892341, "apple": 0.01322759504470053, "coconut": 0.020887523237465462, "peach": 0.011912445065561082, "pear": 0.01322759504470053}