{"banana": 0.016113305282720307, "apple": 0.01670091293950382, "coconut": 0.011195860101965162, "peach": 0.015040429289242855, "pear": 0.01968868641345509}