{"banana": 0.032245623446241024, "apple": 0.00562355473451452, "coconut": 0.010634565686534009, "peach": 0.00982173918215607, "pear": 0.020597702095397488}