{"banana": 0.015366345730679692, "apple": 0.0171403231285255, "coconut": 0.016713614695228796, "peach": 0.01111552810815757, "pear": 0.01868257322725446}