{"banana": 0.01923116078623852, "apple": 0.017485412117501323, "coconut": 0.004593855687200237, "peach": 0.01574692985342645, "pear": 0.021358710040301147}