{"banana": 0.023111627133720225, "apple": 0.014556233582189153, "coconut": 0.015276235462298967, "peach": 0.010031276013955063, "pear": 0.016762297130718442}