{"banana": 0.010779262907366232, "apple": 0.013431897262154007, "coconut": 0.01309751011005899, "peach": 0.015235713081979433, "pear": 0.025067135906672637}