{"banana": 0.021384834013022207, "apple": 0.013431897262154007, "coconut": 0.012079945455202233, "peach": 0.017510408491368753, "pear": 0.014463091022998815}