{"banana": 0.022092102354986178, "apple": 0.012037709825772753, "coconut": 0.011738030977146654, "peach": 0.01574692985342645, "pear": 0.017485412117501323}