{"banana": 0.019589755873896622, "apple": 0.014832195351493717, "coconut": 0.015198585553903321, "peach": 0.015378345348239128, "pear": 0.014071187406590057}