{"banana": 0.013713987118857731, "apple": 0.02077391015509451, "coconut": 0.009278186979943879, "peach": 0.021051076587830467, "pear": 0.0124690713791403}