{"banana": 0.01851437041879499, "apple": 0.01915742375298228, "coconut": 0.021969902628196387, "peach": 0.008524660115616874, "pear": 0.010737858356338826}