{"banana": 0.016528492458024093, "apple": 0.01502808413501344, "coconut": 0.01714093646672756, "peach": 0.01275310366947978, "pear": 0.017578554676691657}