{"banana": 0.014772941820122995, "apple": 0.022300717656383775, "coconut": 0.01309751011005899, "peach": 0.01209643459154539, "pear": 0.01648957435463622}