{"banana": 0.020615075454020762, "apple": 0.014912978628412711, "coconut": 0.013581646081693542, "peach": 0.013430259852566783, "pear": 0.016849388448139234}