{"banana": 0.018606830074167677, "apple": 0.014316522685958333, "coconut": 0.01134557931803995, "peach": 0.015235713081979433, "pear": 0.019443581172158126}