{"banana": 0.015888605472019236, "apple": 0.01322759504470053, "coconut": 0.009230143080932781, "peach": 0.018278488002419883, "pear": 0.021420794015728148}