{"banana": 0.011681240627816501, "apple": 0.02261247060370111, "coconut": 0.011738030977146654, "peach": 0.01574692985342645, "pear": 0.016155083134564926}