{"banana": 0.025366658831464863, "apple": 0.007581723789171326, "coconut": 0.018443023119153787, "peach": 0.01892434758975479, "pear": 0.007581723789171326}