{"banana": 0.020314047170824575, "apple": 0.014463091022998815, "coconut": 0.01607906631544492, "peach": 0.013025102197901737, "pear": 0.01548222376149403}