{"banana": 0.012103286593047156, "apple": 0.013909349721555529, "coconut": 0.016304140971928675, "peach": 0.016293771765941493, "pear": 0.019443581172158126}