{"banana": 0.014772941820122995, "apple": 0.01648957435463622, "coconut": 0.017531505668940222, "peach": 0.02133904570690138, "pear": 0.0069745097930178105}