{"banana": 0.017472681626118036, "apple": 0.019443581172158126, "coconut": 0.008098089771498661, "peach": 0.01265495294138319, "pear": 0.02116908024657724}