{"banana": 0.020333623194865702, "apple": 0.017196885841206627, "coconut": 0.011538463925592655, "peach": 0.0118923473584765, "pear": 0.018487796205137557}