{"banana": 0.01813589828936558, "apple": 0.011861857382986786, "coconut": 0.014601365884570979, "peach": 0.016191528758796085, "pear": 0.0179790953408178}