{"banana": 0.023657693712931586, "apple": 0.015886562565125537, "coconut": 0.01827707456417897, "peach": 0.014307045475623087, "pear": 0.006705989223578439}