{"banana": 0.027937733021319168, "apple": 0.014762226245090392, "coconut": 0.012158653782402997, "peach": 0.01017601290752312, "pear": 0.014762226245090392}