{"banana": 0.01923116078623852, "apple": 0.032041645699690466, "coconut": 0.008952022920533313, "peach": 0.0, "pear": 0.017485412117501323}