{"banana": 0.014264535188184725, "apple": 0.020936748654786223, "coconut": 0.01443557923072819, "peach": 0.01084086385545448, "pear": 0.018361146683094208}