{"banana": 0.02514352852028251, "apple": 0.00562355473451452, "coconut": 0.015491066507565628, "peach": 0.014307045475623087, "pear": 0.01827396823077403}