{"banana": 0.01635179837642304, "apple": 0.01984791997578964, "coconut": 0.01281476231788705, "peach": 0.01931443039907516, "pear": 0.009584912145178615}