{"banana": 0.01813589828936558, "apple": 0.013431897262154007, "coconut": 0.0217455411745174, "peach": 0.007775811457960085, "pear": 0.0179790953408178}