{"banana": 0.006611892192899214, "apple": 0.02660938600540162, "coconut": 0.021353089515410692, "peach": 0.005413973899823364, "pear": 0.016917756325970344}