{"banana": 0.02340247538536874, "apple": 0.01526638303724279, "coconut": 0.020748349360095276, "peach": 0.01233458802739925, "pear": 0.0071170034565404905}