{"banana": 0.01600953220776171, "apple": 0.017844731619782353, "coconut": 0.01740048693343772, "peach": 0.013859913229487694, "pear": 0.013714344367895938}