{"banana": 0.032245623446241024, "apple": 0.015886562565125537, "coconut": 0.015491066507565628, "peach": 0.0, "pear": 0.015886562565125537}