{"banana": 0.015820323014296082, "apple": 0.018092626113654836, "coconut": 0.010249233356530914, "peach": 0.02553638288129748, "pear": 0.0064573874691361815}