{"banana": 0.01923116078623852, "apple": 0.017485412117501323, "coconut": 0.016187510022747226, "peach": 0.013332231736279853, "pear": 0.012969642300972839}