{"banana": 0.021384834013022207, "apple": 0.01548222376149403, "coconut": 0.011050046383086806, "peach": 0.010205463647926152, "pear": 0.021358710040301147}