{"banana": 0.020333623194865702, "apple": 0.018487796205137557, "coconut": 0.01676876927888399, "peach": 0.015487090222358484, "pear": 0.007581723789171326}