{"banana": 0.0209761578058155, "apple": 0.01604092018888515, "coconut": 0.011005942757317281, "peach": 0.015137439434967717, "pear": 0.01604092018888515}