{"banana": 0.015366345730679692, "apple": 0.013971433696982503, "coconut": 0.013623614782540544, "peach": 0.020850125141566242, "pear": 0.013971433696982503}