{"banana": 0.021384834013022207, "apple": 0.019443581172158126, "coconut": 0.0, "peach": 0.03181745396699184, "pear": 0.0}