{"banana": 0.00858792973330945, "apple": 0.017237517623628833, "coconut": 0.015712043571362754, "peach": 0.016523332622633776, "pear": 0.019443581172158126}