{"banana": 0.011994937881268465, "apple": 0.010906072415966224, "coconut": 0.024443089428098932, "peach": 0.014307045475623087, "pear": 0.015886562565125537}