{"banana": 0.01382407837204469, "apple": 0.01513214351627595, "coconut": 0.01837153331002476, "peach": 0.018049733616974196, "pear": 0.01256916886955719}