{"banana": 0.022906047307956423, "apple": 0.01515739633657312, "coconut": 0.01619617954299731, "peach": 0.015604124542162279, "pear": 0.00909339488922693}