{"banana": 0.01600953220776171, "apple": 0.007581723789171326, "coconut": 0.010861443346405389, "peach": 0.013108984083903773, "pear": 0.02988244144555511}