{"banana": 0.02647458360296282, "apple": 0.014556233582189153, "coconut": 0.010861443346405389, "peach": 0.016070524113565403, "pear": 0.01113874239620391}