{"banana": 0.02756984609983574, "apple": 0.015886562565125537, "coconut": 0.005483556310194886, "peach": 0.00982173918215607, "pear": 0.020597702095397488}