{"banana": 0.01962635485290174, "apple": 0.01200576304051094, "coconut": 0.01500693053593107, "peach": 0.01460372445616949, "pear": 0.017844731619782353}