{"banana": 0.012941124661122072, "apple": 0.017102821576052706, "coconut": 0.015831610583235112, "peach": 0.015402378270753388, "pear": 0.017102821576052706}