{"banana": 0.00833868531359723, "apple": 0.020119922387982898, "coconut": 0.01512245146893712, "peach": 0.01730632125829987, "pear": 0.016450544183401108}