{"banana": 0.016383642345933567, "apple": 0.017351048396465875, "coconut": 0.015730744051935044, "peach": 0.01228620855799827, "pear": 0.017351048396465875}