{"banana": 0.021670480797852967, "apple": 0.013245910306108067, "coconut": 0.01612278416211936, "peach": 0.01585333189940017, "pear": 0.012121573986072916}