{"banana": 0.03885751563914025, "apple": 0.0, "coconut": 0.018959533117904052, "peach": 0.0, "pear": 0.019443581172158126}