{"banana": 0.01848681199290842, "apple": 0.01981358111590658, "coconut": 0.013355372624028299, "peach": 0.007933163619934267, "pear": 0.01981358111590658}