{"banana": 0.01670905666661692, "apple": 0.02812481299915487, "coconut": 0.009556763075848738, "peach": 0.010478408260090461, "pear": 0.013431897262154007}