{"banana": 0.01813589828936558, "apple": 0.013431897262154007, "coconut": 0.018959533117904052, "peach": 0.01209643459154539, "pear": 0.01648957435463622}