{"banana": 0.01600953220776171, "apple": 0.023063947550665362, "coconut": 0.011986832423267216, "peach": 0.01107064878358123, "pear": 0.016762297130718442}