{"banana": 0.018172206084973254, "apple": 0.013295000367026504, "coconut": 0.017642210092597897, "peach": 0.014879832667555442, "pear": 0.014923736682111846}