{"banana": 0.0208022521255542, "apple": 0.007581723789171326, "coconut": 0.024443089428098932, "peach": 0.013108984083903773, "pear": 0.01229286331944329}