{"banana": 0.0, "apple": 0.0, "coconut": 0.024443089428098932, "peach": 0.022574842851635843, "pear": 0.025067135906672637}