{"banana": 0.017472681626118036, "apple": 0.029318459827279538, "coconut": 0.004145487189525679, "peach": 0.010967328825425594, "pear": 0.015886562565125537}