{"banana": 0.02076454430474107, "apple": 0.01423130521625593, "coconut": 0.012705058450952293, "peach": 0.01700250058951735, "pear": 0.01423130521625593}