{"banana": 0.02284798343137854, "apple": 0.019443581172158126, "coconut": 0.012158653782402997, "peach": 0.011229337405674384, "pear": 0.013909349721555529}