{"banana": 0.022575339078609005, "apple": 0.01611318130359369, "coconut": 0.014601365884570979, "peach": 0.012445974131101656, "pear": 0.013820026437643605}