{"banana": 0.015366345730679692, "apple": 0.0171403231285255, "coconut": 0.019695170900614737, "peach": 0.01111552810815757, "pear": 0.015570283249358285}