{"banana": 0.01646917062056189, "apple": 0.019443581172158126, "coconut": 0.010007510197370744, "peach": 0.016191528758796085, "pear": 0.01648957435463622}