{"banana": 0.021384834013022207, "apple": 0.014052076790036751, "coconut": 0.02229194584306668, "peach": 0.009242611115355993, "pear": 0.01217813669875404}