{"banana": 0.021384834013022207, "apple": 0.0, "coconut": 0.01309751011005899, "peach": 0.022574842851635843, "pear": 0.019443581172158126}