{"banana": 0.017296999770575944, "apple": 0.017311142347760343, "coconut": 0.012964021263846609, "peach": 0.017682684075123915, "pear": 0.013295000367026504}