{"banana": 0.010427059551151469, "apple": 0.009480521506329343, "coconut": 0.017581149627780072, "peach": 0.021210086767635035, "pear": 0.018030006739184378}