{"banana": 0.020250685564972566, "apple": 0.03360464466286455, "coconut": 0.004856500821031621, "peach": 0.004485306293467019, "pear": 0.014161063490706421}