{"banana": 0.020250685564972566, "apple": 0.020462713910653338, "coconut": 0.009450356508231856, "peach": 0.016581740885012408, "pear": 0.011954999942177122}