{"banana": 0.01220350036915604, "apple": 0.019228167327401232, "coconut": 0.016187510022747226, "peach": 0.014145415146836817, "pear": 0.016600786693696988}