{"banana": 0.02233841825247902, "apple": 0.015886562565125537, "coconut": 0.01980496927876849, "peach": 0.011815677594797718, "pear": 0.00928942389389819}