{"banana": 0.02756984609983574, "apple": 0.013431897262154007, "coconut": 0.01309751011005899, "peach": 0.0, "pear": 0.025067135906672637}