{"banana": 0.016825149261504357, "apple": 0.013053871264346942, "coconut": 0.014193856071568027, "peach": 0.01766877685366389, "pear": 0.016762297130718442}