{"banana": 0.02193090059223356, "apple": 0.017936889064465576, "coconut": 0.01134557931803995, "peach": 0.01972101937544645, "pear": 0.0071658048332434825}