{"banana": 0.01670905666661692, "apple": 0.014316522685958333, "coconut": 0.014814045928378376, "peach": 0.01675947934578483, "pear": 0.01605927789585825}