{"banana": 0.014772941820122995, "apple": 0.02323265013158386, "coconut": 0.011050046383086806, "peach": 0.017510408491368753, "pear": 0.011332160579564536}