{"banana": 0.0, "apple": 0.03337197468262686, "coconut": 0.024443089428098932, "peach": 0.00982173918215607, "pear": 0.00562355473451452}