{"banana": 0.04331573460525577, "apple": 0.0, "coconut": 0.01134557931803995, "peach": 0.01972101937544645, "pear": 0.0}