{"banana": 0.016282176560531242, "apple": 0.013431897262154007, "coconut": 0.004593855687200237, "peach": 0.023657225486346824, "pear": 0.018795735393582393}