{"banana": 0.032245623446241024, "apple": 0.015886562565125537, "coconut": 0.0, "peach": 0.026403480067168472, "pear": 0.0}