{"banana": 0.013855858980977997, "apple": 0.014257826250040193, "coconut": 0.02008492219476586, "peach": 0.017160868951812486, "pear": 0.012598064527532328}