{"banana": 0.020250685564972566, "apple": 0.009691629679431265, "coconut": 0.017954010931090607, "peach": 0.01275310366947978, "pear": 0.018412387411313316}