{"banana": 0.0076708468941644615, "apple": 0.03034965358812436, "coconut": 0.010007510197370744, "peach": 0.014850102984728615, "pear": 0.013431897262154007}