{"banana": 0.01796540469278766, "apple": 0.016334557669335913, "coconut": 0.012972284393747334, "peach": 0.01734844456001607, "pear": 0.014071187406590057}