{"banana": 0.02349116990846054, "apple": 0.017485412117501323, "coconut": 0.017050112692031973, "peach": 0.0072807215072777905, "pear": 0.014463091022998815}