{"kiwi": 0.012385909108380427, "banana": 0.0, "coconut": 0.02445006963027565, "apricot": 0.0, "apple": 0.06979767743420133, "lime": 0.02445006963027565, "peach": 0.07620758655640758, "pear": 0.13476451852905313, "cherry": 0.05787647829766945, "papaya": 0.03908124238104001, "blueberry": 0.0, "fig": 0.0, "orange": 0.02445006963027565}