{"banana": 0.013394005434742834, "apple": 0.026149570395736565, "coconut": 0.018959533117904052, "peach": 0.007479132477413688, "pear": 0.01217813669875404}