{"banana": 0.01670905666661692, "apple": 0.01634637817479059, "coconut": 0.007729474732870155, "peach": 0.01675947934578483, "pear": 0.020815811986065746}