{"banana": 0.00649973954655912, "apple": 0.01790133107342916, "coconut": 0.0198492337408987, "peach": 0.019414489700975004, "pear": 0.012774272587229367}