{"banana": 0.013204421939958216, "apple": 0.018647823533543457, "coconut": 0.018959533117904052, "peach": 0.00764109640876637, "pear": 0.020232137285430832}