{"banana": 0.0, "apple": 0.0, "coconut": 0.04340262254600299, "peach": 0.0, "pear": 0.025067135906672637}