{"banana": 0.013779830079441682, "apple": 0.018540621217865216, "coconut": 0.016651024907398625, "peach": 0.014036919574171658, "pear": 0.015586614400343306}