{"banana": 0.009688488266510998, "apple": 0.01981358111590658, "coconut": 0.0163901821267622, "peach": 0.01233458802739925, "pear": 0.01981358111590658}