{"banana": 0.019511788879472712, "apple": 0.011400689765814535, "coconut": 0.011116869534889228, "peach": 0.018015050081875733, "pear": 0.01850157355607551}