{"banana": 0.01802187754377961, "apple": 0.0163859040796759, "coconut": 0.020699504499228808, "peach": 0.010139437984053819, "pear": 0.013860079233488138}