{"banana": 0.011287669539304502, "apple": 0.01026300783061102, "coconut": 0.02064207588390475, "peach": 0.01906435029751206, "pear": 0.015886562565125537}