{"banana": 0.011994937881268465, "apple": 0.020597702095397488, "coconut": 0.015491066507565628, "peach": 0.014307045475623087, "pear": 0.015886562565125537}