{"banana": 0.03051883032554301, "apple": 0.01026300783061102, "coconut": 0.010007510197370744, "peach": 0.017510408491368753, "pear": 0.01026300783061102}