{"banana": 0.014330287798215326, "apple": 0.010574760777928347, "coconut": 0.019505937786453334, "peach": 0.01388401751377577, "pear": 0.02000393587391771}