{"banana": 0.023751236351261463, "apple": 0.012650413496259507, "coconut": 0.012335481386574787, "peach": 0.009242611115355993, "pear": 0.02159516841017556}