{"banana": 0.02408457381901725, "apple": 0.021898246475129658, "coconut": 0.0, "peach": 0.01972101937544645, "pear": 0.01163523864451864}