{"banana": 0.02756984609983574, "apple": 0.01026300783061102, "coconut": 0.018959533117904052, "peach": 0.006281071085694357, "pear": 0.01648957435463622}