{"banana": 0.023588021281393097, "apple": 0.009584912145178615, "coconut": 0.016960249507412716, "peach": 0.011046633023062394, "pear": 0.018219183660704283}