{"banana": 0.01848681199290842, "apple": 0.014484899271348307, "coconut": 0.020748349360095276, "peach": 0.013748527125785285, "pear": 0.011286930962236754}