{"banana": 0.03118666874497578, "apple": 0.0124690713791403, "coconut": 0.01494466183901635, "peach": 0.00856903189903426, "pear": 0.0124690713791403}