{"banana": 0.023111627133720225, "apple": 0.021013621051325333, "coconut": 0.007392976736066969, "peach": 0.0068279129982094025, "pear": 0.021013621051325333}