{"banana": 0.019102954178007107, "apple": 0.014161063490706421, "coconut": 0.010561034195023626, "peach": 0.014690769941393168, "pear": 0.020462713910653338}