{"banana": 0.018717302046470013, "apple": 0.018412387411313316, "coconut": 0.017954010931090607, "peach": 0.020232236146893463, "pear": 0.001691992111566104}