{"banana": 0.013148590639014034, "apple": 0.01736884373111887, "coconut": 0.014864011018402363, "peach": 0.009753827886802994, "pear": 0.0234504873846046}