{"banana": 0.011994937881268465, "apple": 0.012932555747603634, "coconut": 0.021855103579302124, "peach": 0.014307045475623087, "pear": 0.016849388448139234}