{"banana": 0.019408796472611976, "apple": 0.01317748874324761, "coconut": 0.01134557931803995, "peach": 0.017189461226453026, "pear": 0.01764692255452277}