{"banana": 0.018465793366799335, "apple": 0.014974147360882971, "coconut": 0.0181055999688694, "peach": 0.014307045475623087, "pear": 0.013120144314836671}