{"banana": 0.008718228088337566, "apple": 0.021898246475129658, "coconut": 0.01134557931803995, "peach": 0.013681771275836127, "pear": 0.021898246475129658}