{"banana": 0.022092102354986178, "apple": 0.020086645757513337, "coconut": 0.011738030977146654, "peach": 0.013332231736279853, "pear": 0.012037709825772753}