{"banana": 0.017941310556806526, "apple": 0.02246590226666063, "coconut": 0.007184472010235654, "peach": 0.020232236146893463, "pear": 0.009691629679431265}