{"banana": 0.01600953220776171, "apple": 0.016450544183401108, "coconut": 0.01134557931803995, "peach": 0.01892434758975479, "pear": 0.01550853656731848}