{"banana": 0.023111627133720225, "apple": 0.01975986048792537, "coconut": 0.012876533046261858, "peach": 0.015487090222358484, "pear": 0.007581723789171326}