{"banana": 0.012796904279712753, "apple": 0.01163523864451864, "coconut": 0.021353089515410692, "peach": 0.010478408260090461, "pear": 0.021898246475129658}