{"banana": 0.020721617349774665, "apple": 0.017211833067562098, "coconut": 0.01597797691251811, "peach": 0.0140058109526016, "pear": 0.01125884559347611}