{"banana": 0.014772941820122995, "apple": 0.01827396823077403, "coconut": 0.005483556310194886, "peach": 0.01209643459154539, "pear": 0.02721872314469008}