{"banana": 0.00833868531359723, "apple": 0.01229286331944329, "coconut": 0.014193856071568027, "peach": 0.027750663315605367, "pear": 0.01229286331944329}