{"banana": 0.02102251061221378, "apple": 0.013666446140858097, "coconut": 0.021174777523130364, "peach": 0.007074291526768538, "pear": 0.01643286439114697}