{"banana": 0.01998576645954783, "apple": 0.013971433696982503, "coconut": 0.014666150968256615, "peach": 0.016364818848099223, "pear": 0.013971433696982503}