{"banana": 0.011287669539304502, "apple": 0.014974147360882971, "coconut": 0.014601365884570979, "peach": 0.01348534690072781, "pear": 0.02369490509276502}