{"banana": 0.015106279287878782, "apple": 0.016416259368547792, "coconut": 0.015144973837031155, "peach": 0.01712668402559867, "pear": 0.01463793528140102}