{"banana": 0.02470890453108809, "apple": 0.020462713910653338, "coconut": 0.01380852374156493, "peach": 0.008728042078838837, "pear": 0.011954999942177122}