{"banana": 0.01600953220776171, "apple": 0.011833047709778232, "coconut": 0.015491066507565628, "peach": 0.014307045475623087, "pear": 0.021013621051325333}