{"banana": 0.020522749410887497, "apple": 0.016534408343701266, "coconut": 0.01070912965194885, "peach": 0.0168045132046293, "pear": 0.014355923480581992}