{"banana": 0.009133996312520811, "apple": 0.02286107235814336, "coconut": 0.008098089771498661, "peach": 0.014307045475623087, "pear": 0.02286107235814336}