{"banana": 0.023559452366183713, "apple": 0.014446284222710323, "coconut": 0.015258602250004227, "peach": 0.011912445065561082, "pear": 0.014446284222710323}