{"banana": 0.016132318163520724, "apple": 0.019443581172158126, "coconut": 0.016663024855605457, "peach": 0.007479132477413688, "pear": 0.019443581172158126}