{"banana": 0.022505717262717197, "apple": 0.011954999942177122, "coconut": 0.017954010931090607, "peach": 0.01275310366947978, "pear": 0.014161063490706421}