{"banana": 0.016765413284154075, "apple": 0.01524349797977033, "coconut": 0.01165738015653266, "peach": 0.021118929161779456, "pear": 0.013065013116651057}