{"banana": 0.0, "apple": 0.035330143737283666, "coconut": 0.0, "peach": 0.017510408491368753, "pear": 0.019443581172158126}