{"banana": 0.01923116078623852, "apple": 0.0031688894315429774, "coconut": 0.022049533030592292, "peach": 0.013332231736279853, "pear": 0.020086645757513337}