{"banana": 0.009947306076707184, "apple": 0.02052601566122204, "coconut": 0.013475976807709164, "peach": 0.017510408491368753, "pear": 0.01611318130359369}