{"banana": 0.034181738292734964, "apple": 0.021898246475129658, "coconut": 0.0, "peach": 0.010478408260090461, "pear": 0.01163523864451864}