{"banana": 0.011287669539304502, "apple": 0.019443581172158126, "coconut": 0.030834495040299878, "peach": 0.0, "pear": 0.014974147360882971}