{"banana": 0.014223745902461414, "apple": 0.020137886485732434, "coconut": 0.01689548911316685, "peach": 0.012988165743050414, "pear": 0.014422076733785203}