{"banana": 0.014493133080151653, "apple": 0.013938496688151282, "coconut": 0.019993610382498375, "peach": 0.015892382159913832, "pear": 0.013938496688151282}