{"banana": 0.01323955830162043, "apple": 0.014804128076061622, "coconut": 0.01443557923072819, "peach": 0.01574692985342645, "pear": 0.020086645757513337}