{"banana": 0.022169294808100592, "apple": 0.012230018126797965, "coconut": 0.01872643109752022, "peach": 0.012860525311009072, "pear": 0.013261211887642782}