{"banana": 0.014188583757374182, "apple": 0.01526638303724279, "coconut": 0.0148863263522502, "peach": 0.014446056135329037, "pear": 0.01981358111590658}