{"banana": 0.01848681199290842, "apple": 0.01756964108087542, "coconut": 0.0148863263522502, "peach": 0.013748527125785285, "pear": 0.014484899271348307}