{"banana": 0.012303335332797581, "apple": 0.019204527919815792, "coconut": 0.01192555176201916, "peach": 0.01984036768268498, "pear": 0.014280344626138001}