{"banana": 0.01712482489080017, "apple": 0.020198000221007723, "coconut": 0.016713614695228796, "peach": 0.014022212143356834, "pear": 0.010682935659389303}