{"kiwi": 0.022660302228479635, "banana": 0.0, "coconut": 0.022660302228479635, "apricot": 0.0, "apple": 0.0, "lime": 0.044266247441115764, "peach": 0.03622045978643086, "pear": 0.0, "cherry": 0.10375537569198201, "papaya": 0.0, "blueberry": 0.08467816515990254, "fig": 0.14859721830091777, "orange": 0.044266247441115764}