{"banana": 0.02099287262671078, "apple": 0.010065198765351429, "coconut": 0.01861202493148625, "peach": 0.011867320569272885, "pear": 0.01764692255452277}