{"banana": 0.016910601273728783, "apple": 0.0166475705100292, "coconut": 0.016233129155728894, "peach": 0.016121496182186335, "pear": 0.012774272587229367}