{"banana": 0.011994937881268465, "apple": 0.016849388448139234, "coconut": 0.013581646081693542, "peach": 0.01603176318569269, "pear": 0.019675631524551276}