{"banana": 0.02696900133944726, "apple": 0.02116908024657724, "coconut": 0.013702250265374416, "peach": 0.007479132477413688, "pear": 0.01026300783061102}