{"banana": 0.021384834013022207, "apple": 0.017237517623628833, "coconut": 0.014601365884570979, "peach": 0.015523682201050354, "pear": 0.01026300783061102}