{"banana": 0.024620861874128475, "apple": 0.013808290313196537, "coconut": 0.014193856071568027, "peach": 0.008977951515803797, "pear": 0.01820257547313365}