{"banana": 0.0, "apple": 0.01026300783061102, "coconut": 0.018959533117904052, "peach": 0.03181745396699184, "pear": 0.01026300783061102}