{"banana": 0.016825149261504357, "apple": 0.014556233582189153, "coconut": 0.014916972207636443, "peach": 0.01574692985342645, "pear": 0.016762297130718442}