{"banana": 0.02324575511273174, "apple": 0.017018199974932074, "coconut": 0.012380496292601084, "peach": 0.01275310366947978, "pear": 0.014161063490706421}