{"banana": 0.021615482560842697, "apple": 0.0179613000061648, "coconut": 0.010574327730705487, "peach": 0.011418197898480566, "pear": 0.0179613000061648}