{"banana": 0.022388345018578358, "apple": 0.0166475705100292, "coconut": 0.0043581672333330695, "peach": 0.01833210706626403, "pear": 0.0166475705100292}