{"banana": 0.018958516433468967, "apple": 0.02159516841017556, "coconut": 0.007613953799864098, "peach": 0.02133904570690138, "pear": 0.007808342527639482}