{"banana": 0.016825149261504357, "apple": 0.013053871264346942, "coconut": 0.019131007713213632, "peach": 0.010379265483942551, "pear": 0.019619433614944087}