{"banana": 0.011994937881268465, "apple": 0.029318459827279538, "coconut": 0.010634565686534009, "peach": 0.00982173918215607, "pear": 0.015886562565125537}