{"banana": 0.03051883032554301, "apple": 0.01026300783061102, "coconut": 0.0, "peach": 0.009242611115355993, "pear": 0.02774841994811233}