{"banana": 0.017082316828289014, "apple": 0.011900489552019307, "coconut": 0.013393043045012125, "peach": 0.015572742219455357, "pear": 0.020709485120125926}