{"banana": 0.022600508986924443, "apple": 0.01209749360569982, "coconut": 0.018597205775063012, "peach": 0.010894703649595903, "pear": 0.01526638303724279}