{"banana": 0.01695605274499107, "apple": 0.02436158666046443, "coconut": 0.017298914138152523, "peach": 0.009523368112103659, "pear": 0.010574760777928347}