{"banana": 0.022804629245902597, "apple": 0.012121573986072916, "coconut": 0.01921278407480761, "peach": 0.012928589758751807, "pear": 0.012121573986072916}