{"banana": 0.01695605274499107, "apple": 0.008048935931740575, "coconut": 0.015033029640156332, "peach": 0.015976714781553193, "pear": 0.022209999422447}