{"banana": 0.01156031389207404, "apple": 0.026726897629180502, "coconut": 0.017642210092597897, "peach": 0.016293771765941493, "pear": 0.004357650786546727}