{"banana": 0.01980075785892341, "apple": 0.01322759504470053, "coconut": 0.015258602250004227, "peach": 0.014092349043794871, "pear": 0.016833689888358816}