{"banana": 0.018851618011498195, "apple": 0.013971433696982503, "coconut": 0.013623614782540544, "peach": 0.018189819634926115, "pear": 0.013971433696982503}