{"banana": 0.014330287798215326, "apple": 0.015416831746548386, "coconut": 0.018409591824944293, "peach": 0.012816361630892349, "pear": 0.01774056561117185}