{"banana": 0.011994937881268465, "apple": 0.015886562565125537, "coconut": 0.032541179199597606, "peach": 0.00982173918215607, "pear": 0.00562355473451452}