{"banana": 0.01923116078623852, "apple": 0.021358710040301147, "coconut": 0.013902877591502586, "peach": 0.01284024581822718, "pear": 0.011756175313239121}