{"banana": 0.017472681626118036, "apple": 0.00562355473451452, "coconut": 0.016663024855605457, "peach": 0.020588116561317454, "pear": 0.01708844170048158}