{"banana": 0.021384834013022207, "apple": 0.0, "coconut": 0.018959533117904052, "peach": 0.03181745396699184, "pear": 0.0}