{"banana": 0.0208654049616848, "apple": 0.0160825915697968, "coconut": 0.013751095126240882, "peach": 0.015360369973774358, "pear": 0.013094818095845551}