{"banana": 0.010659244826106962, "apple": 0.013285328925113525, "coconut": 0.0187593784125342, "peach": 0.014307045475623087, "pear": 0.020867052714284847}