{"banana": 0.016856380946760462, "apple": 0.018092626113654836, "coconut": 0.012158653782402997, "peach": 0.009465858767732078, "pear": 0.022516665364994443}