{"banana": 0.016856380946760462, "apple": 0.019889284731290185, "coconut": 0.018522690854139493, "peach": 0.007661836860025686, "pear": 0.016258140338566034}