{"banana": 0.01435717359593974, "apple": 0.019619433614944087, "coconut": 0.016344999656600287, "peach": 0.011755993724024675, "pear": 0.016762297130718442}