{"banana": 0.02284798343137854, "apple": 0.01438420024728334, "coconut": 0.01494466183901635, "peach": 0.012954055115744, "pear": 0.01438420024728334}