{"banana": 0.017472681626118036, "apple": 0.018092626113654836, "coconut": 0.021787697282123573, "peach": 0.004686257739731239, "pear": 0.01699657573959947}