{"banana": 0.017472681626118036, "apple": 0.014422076733785203, "coconut": 0.015491066507565628, "peach": 0.014307045475623087, "pear": 0.01732684090754075}