{"banana": 0.02039172227234091, "apple": 0.015586614400343306, "coconut": 0.015927908771330185, "peach": 0.0076994550279957715, "pear": 0.019980899560280423}