{"banana": 0.028486928938980735, "apple": 0.018092626113654836, "coconut": 0.012158653782402997, "peach": 0.00856903189903426, "pear": 0.0124690713791403}