{"banana": 0.01513254608956718, "apple": 0.017589578126111814, "coconut": 0.014365677430703811, "peach": 0.01326767270599693, "pear": 0.01852151060131191}