{"banana": 0.017296999770575944, "apple": 0.01163523864451864, "coconut": 0.019146065867109888, "peach": 0.008954641996285078, "pear": 0.021898246475129658}