{"banana": 0.019972015914239766, "apple": 0.01463793528140102, "coconut": 0.01770694581621499, "peach": 0.014784077320856279, "pear": 0.011900489552019307}