{"banana": 0.015476058879880591, "apple": 0.019980899560280423, "coconut": 0.012972284393747334, "peach": 0.016040556002877408, "pear": 0.014071187406590057}