{"banana": 0.016910601273728783, "apple": 0.0166475705100292, "coconut": 0.014992732919867082, "peach": 0.01723458572274121, "pear": 0.012774272587229367}