{"banana": 0.018389764465263015, "apple": 0.027136944766256058, "coconut": 0.01494466183901635, "peach": 0.00856903189903426, "pear": 0.00951506456161841}