{"banana": 0.018606830074167677, "apple": 0.01994007742047285, "coconut": 0.014473501852708886, "peach": 0.010478408260090461, "pear": 0.015886562565125537}