{"banana": 0.023657693712931586, "apple": 0.012932555747603634, "coconut": 0.00962904349972057, "peach": 0.011646739968982953, "pear": 0.02151011729964006}