{"banana": 0.020250685564972566, "apple": 0.011207056673184517, "coconut": 0.017954010931090607, "peach": 0.011434223936907099, "pear": 0.018412387411313316}