{"banana": 0.01255701823365773, "apple": 0.020137886485732434, "coconut": 0.012610599705106498, "peach": 0.01937147983589019, "pear": 0.012932555747603634}