{"banana": 0.01545504025377152, "apple": 0.01217813669875404, "coconut": 0.0181055999688694, "peach": 0.017510408491368753, "pear": 0.014974147360882971}