{"banana": 0.019703485179286617, "apple": 0.010682935659389303, "coconut": 0.015951585971744595, "peach": 0.014022212143356834, "pear": 0.01868257322725446}