{"banana": 0.01723036942278993, "apple": 0.009969129454819814, "coconut": 0.016344999656600287, "peach": 0.01798455795136469, "pear": 0.016762297130718442}