{"banana": 0.020615075454020762, "apple": 0.008831334974926965, "coconut": 0.01827707456417897, "peach": 0.018549781260994904, "pear": 0.01192520515446145}