{"banana": 0.014585215167812684, "apple": 0.016283532982145278, "coconut": 0.014907107967405095, "peach": 0.018152743566727383, "pear": 0.014280344626138001}