{"banana": 0.01776801136788218, "apple": 0.010620851683962313, "coconut": 0.019586588607067322, "peach": 0.008267797376012765, "pear": 0.02261247060370111}