{"banana": 0.014772941820122995, "apple": 0.02286107235814336, "coconut": 0.0, "peach": 0.018549781260994904, "pear": 0.020597702095397488}