{"kiwi": 0.02815674585715757, "banana": 0.0, "coconut": 0.0, "apricot": 0.0, "apple": 0.02815674585715757, "lime": 0.02815674585715757, "peach": 0.045006031726892604, "pear": 0.18271404725510207, "cherry": 0.0, "papaya": 0.0, "blueberry": 0.02815674585715757, "fig": 0.18271404725510207, "orange": 0.054703631988055924}