{"banana": 0.022092102354986178, "apple": 0.017485412117501323, "coconut": 0.01443557923072819, "peach": 0.01084086385545448, "pear": 0.014804128076061622}