{"banana": 0.0, "apple": 0.02774841994811233, "coconut": 0.018959533117904052, "peach": 0.009242611115355993, "pear": 0.019443581172158126}