{"banana": 0.0031423938279027314, "apple": 0.013431897262154007, "coconut": 0.024443089428098932, "peach": 0.01209643459154539, "pear": 0.02286107235814336}