{"banana": 0.03524069299400021, "apple": 0.0, "coconut": 0.0, "peach": 0.022574842851635843, "pear": 0.017485412117501323}