{"banana": 0.021384834013022207, "apple": 0.015886562565125537, "coconut": 0.011874961922395816, "peach": 0.014307045475623087, "pear": 0.015886562565125537}