{"banana": 0.015745888505420025, "apple": 0.02428565214077815, "coconut": 0.01134557931803995, "peach": 0.012893106377237052, "pear": 0.014316522685958333}