{"banana": 0.015004705960553422, "apple": 0.018552927531821903, "coconut": 0.008228906784464881, "peach": 0.018829288223941424, "pear": 0.017351048396465875}