{"banana": 0.003912152386904174, "apple": 0.01648957435463622, "coconut": 0.01309751011005899, "peach": 0.017510408491368753, "pear": 0.025067135906672637}