{"banana": 0.022654182707375424, "apple": 0.015886562565125537, "coconut": 0.028588576617624612, "peach": 0.005064434360267097, "pear": 0.00562355473451452}