{"banana": 0.03636816982623318, "apple": 0.0124690713791403, "coconut": 0.012158653782402997, "peach": 0.005815363505851021, "pear": 0.0124690713791403}