{"banana": 0.01174952308553966, "apple": 0.010682935659389303, "coconut": 0.025361645759687204, "peach": 0.012582327765553476, "pear": 0.0171403231285255}