{"banana": 0.028112818800808858, "apple": 0.007581723789171326, "coconut": 0.009144907528085998, "peach": 0.021678015982938028, "pear": 0.01113874239620391}