{"banana": 0.02076454430474107, "apple": 0.015416831746548386, "coconut": 0.019505937786453334, "peach": 0.009523368112103659, "pear": 0.01423130521625593}