{"banana": 0.022388345018578358, "apple": 0.0166475705100292, "coconut": 0.016233129155728894, "peach": 0.016680014532024137, "pear": 0.0066210210492925895}