{"banana": 0.01600953220776171, "apple": 0.016762297130718442, "coconut": 0.011986832423267216, "peach": 0.01892434758975479, "pear": 0.014556233582189153}