{"banana": 0.024944081153060002, "apple": 0.015098006451852832, "coconut": 0.012768822531346282, "peach": 0.009006606435560893, "pear": 0.018019001389523337}