{"banana": 0.007827567166801445, "apple": 0.01832406012972502, "coconut": 0.011796326439561971, "peach": 0.015137439434967717, "pear": 0.024135203431472557}