{"banana": 0.015063790071771499, "apple": 0.013696343158075587, "coconut": 0.017867882557636144, "peach": 0.017843621293035978, "pear": 0.013696343158075587}