{"banana": 0.01600953220776171, "apple": 0.007581723789171326, "coconut": 0.014193856071568027, "peach": 0.013108984083903773, "pear": 0.027025304961329467}