{"banana": 0.022995534538832785, "apple": 0.020908067003498454, "coconut": 0.012062593135497849, "peach": 0.01228620855799827, "pear": 0.011079647883375628}