{"banana": 0.01220350036915604, "apple": 0.014804128076061622, "coconut": 0.017050112692031973, "peach": 0.016535594752025515, "pear": 0.017485412117501323}