{"banana": 0.022092102354986178, "apple": 0.012037709825772753, "coconut": 0.011738030977146654, "peach": 0.01084086385545448, "pear": 0.02261247060370111}