{"banana": 0.011050748713174522, "apple": 0.016689654478886626, "coconut": 0.017819037696769676, "peach": 0.015030290197958924, "pear": 0.017485412117501323}