{"banana": 0.01944871916652828, "apple": 0.01217813669875404, "coconut": 0.014601365884570979, "peach": 0.010967328825425594, "pear": 0.022019183143850152}