{"banana": 0.01635179837642304, "apple": 0.02144676952816541, "coconut": 0.016147175043049668, "peach": 0.010249961237370733, "pear": 0.014867429826630314}