{"banana": 0.0, "apple": 0.0, "coconut": 0.0, "peach": 0.0400852513430046, "pear": 0.025067135906672637}