{"banana": 0.01174952308553966, "apple": 0.01868257322725446, "coconut": 0.01821747046974078, "peach": 0.014022212143356834, "pear": 0.015570283249358285}