{"banana": 0.018606830074167677, "apple": 0.01163523864451864, "coconut": 0.01861202493148625, "peach": 0.015892382159913832, "pear": 0.013938496688151282}