{"banana": 0.0, "apple": 0.025067135906672637, "coconut": 0.017050112692031973, "peach": 0.01574692985342645, "pear": 0.017485412117501323}