{"banana": 0.03885751563914025, "apple": 0.0, "coconut": 0.03445059962546968, "peach": 0.0, "pear": 0.0}