{"banana": 0.028392464243939135, "apple": 0.0163859040796759, "coconut": 0.013515032488993148, "peach": 0.005233371986081846, "pear": 0.0163859040796759}