{"banana": 0.01156031389207404, "apple": 0.016258140338566034, "coconut": 0.01939414088461692, "peach": 0.016293771765941493, "pear": 0.01438420024728334}