{"banana": 0.016282176560531242, "apple": 0.018361146683094208, "coconut": 0.013545878607733534, "peach": 0.009992515086082362, "pear": 0.020936748654786223}