{"banana": 0.02077764449276779, "apple": 0.017401989558878797, "coconut": 0.015491066507565628, "peach": 0.01150419406805463, "pear": 0.014344312466396579}