{"banana": 0.02686257775787178, "apple": 0.016312650728723847, "coconut": 0.01165738015653266, "peach": 0.01275310366947978, "pear": 0.011954999942177122}