{"banana": 0.012675824762204161, "apple": 0.021702437727952505, "coconut": 0.017749422262201504, "peach": 0.01509571037422217, "pear": 0.01075061322071431}