{"banana": 0.015789223086922665, "apple": 0.014355923480581992, "coconut": 0.01819521941995086, "peach": 0.013915665627486772, "pear": 0.016534408343701266}