{"banana": 0.02229322399304198, "apple": 0.017767859223243258, "coconut": 0.018146458653541007, "peach": 0.010478408260090461, "pear": 0.010722823440276074}