{"banana": 0.011630547992220259, "apple": 0.013029426080899902, "coconut": 0.019505937786453334, "peach": 0.015976714781553193, "pear": 0.01774056561117185}