{"banana": 0.024320910376179117, "apple": 0.015886562565125537, "coconut": 0.010634565686534009, "peach": 0.01209643459154539, "pear": 0.016689654478886626}