{"banana": 0.02284798343137854, "apple": 0.00951506456161841, "coconut": 0.003206630861869704, "peach": 0.021051076587830467, "pear": 0.02077391015509451}