{"banana": 0.012796904279712753, "apple": 0.016917756325970344, "coconut": 0.012226060079581547, "peach": 0.015235713081979433, "pear": 0.021087683831666596}