{"banana": 0.017472681626118036, "apple": 0.016689654478886626, "coconut": 0.014700682825320945, "peach": 0.01209643459154539, "pear": 0.01827396823077403}