{"banana": 0.00799082857827936, "apple": 0.007265444473404074, "coconut": 0.019695170900614737, "peach": 0.012582327765553476, "pear": 0.028775561773044134}