{"banana": 0.016856380946760462, "apple": 0.018092626113654836, "coconut": 0.017642210092597897, "peach": 0.005815363505851021, "pear": 0.02077391015509451}