{"banana": 0.010097164473717711, "apple": 0.02323265013158386, "coconut": 0.015096793720550316, "peach": 0.013025102197901737, "pear": 0.01648957435463622}