{"banana": 0.029936248438075002, "apple": 0.013431897262154007, "coconut": 0.01309751011005899, "peach": 0.014307045475623087, "pear": 0.008304838775954214}