{"banana": 0.00931163199889426, "apple": 0.01163523864451864, "coconut": 0.02784216801241903, "peach": 0.017189461226453026, "pear": 0.010065198765351429}