{"banana": 0.018930267523799393, "apple": 0.017211833067562098, "coconut": 0.011832489722992433, "peach": 0.016237378305459953, "pear": 0.014710182130761027}