{"banana": 0.017688282224048817, "apple": 0.018019001389523337, "coconut": 0.016631561928700012, "peach": 0.009006606435560893, "pear": 0.018019001389523337}