{"banana": 0.04331573460525577, "apple": 0.01163523864451864, "coconut": 0.0, "peach": 0.010478408260090461, "pear": 0.01163523864451864}