{"banana": 0.017721926045830255, "apple": 0.013820026437643605, "coconut": 0.011179468545410564, "peach": 0.016523332622633776, "pear": 0.019443581172158126}