{"banana": 0.014916945491636408, "apple": 0.018891510545060372, "coconut": 0.011680309756762841, "peach": 0.014307045475623087, "pear": 0.018891510545060372}