{"banana": 0.010410861727169658, "apple": 0.021420794015728148, "coconut": 0.01641461509116845, "peach": 0.011912445065561082, "pear": 0.018003302829742916}