{"banana": 0.014772941820122995, "apple": 0.015886562565125537, "coconut": 0.01309751011005899, "peach": 0.00982173918215607, "pear": 0.025067135906672637}