{"banana": 0.021384834013022207, "apple": 0.014316522685958333, "coconut": 0.021353089515410692, "peach": 0.00798704037926509, "pear": 0.014316522685958333}