{"banana": 0.01944871916652828, "apple": 0.013120144314836671, "coconut": 0.017242997299584666, "peach": 0.014307045475623087, "pear": 0.014974147360882971}