{"banana": 0.013944635666678222, "apple": 0.018811402903437694, "coconut": 0.016677046744099564, "peach": 0.01059649932358529, "pear": 0.018811402903437694}