{"banana": 0.019972015914239766, "apple": 0.008111420592593592, "coconut": 0.016007576506315895, "peach": 0.01712668402559867, "pear": 0.01729199393414069}