{"banana": 0.013713987118857731, "apple": 0.01163523864451864, "coconut": 0.021353089515410692, "peach": 0.014879832667555442, "pear": 0.016522586234487616}