{"banana": 0.016401894783920408, "apple": 0.014912978628412711, "coconut": 0.0116283271102119, "peach": 0.02178617795303678, "pear": 0.012932555747603634}