{"banana": 0.021135589593309995, "apple": 0.01163523864451864, "coconut": 0.01512245146893712, "peach": 0.015654228724059967, "pear": 0.01550853656731848}