{"banana": 0.021384834013022207, "apple": 0.022300717656383775, "coconut": 0.01309751011005899, "peach": 0.009242611115355993, "pear": 0.013431897262154007}