{"banana": 0.017674650985086904, "apple": 0.008405051387144495, "coconut": 0.018311761493885977, "peach": 0.017708819461504655, "pear": 0.016070197734938337}