{"banana": 0.0294676195073865, "apple": 0.01732684090754075, "coconut": 0.008098089771498661, "peach": 0.008893071575799731, "pear": 0.015886562565125537}