{"banana": 0.01763388338887065, "apple": 0.016762297130718442, "coconut": 0.018443023119153787, "peach": 0.011755993724024675, "pear": 0.014556233582189153}