{"banana": 0.018992172070464615, "apple": 0.019204527919815792, "coconut": 0.014907107967405095, "peach": 0.009123081013215186, "pear": 0.01726811810008926}