{"banana": 0.00858792973330945, "apple": 0.01834753079810276, "coconut": 0.015712043571362754, "peach": 0.018485222230711987, "pear": 0.01611318130359369}