{"banana": 0.021187033271264474, "apple": 0.015586614400343306, "coconut": 0.015198585553903321, "peach": 0.015378345348239128, "pear": 0.011747453541966586}