{"banana": 0.010097164473717711, "apple": 0.014804128076061622, "coconut": 0.024443089428098932, "peach": 0.01084086385545448, "pear": 0.017485412117501323}