{"banana": 0.020250685564972566, "apple": 0.018412387411313316, "coconut": 0.025683485663960757, "peach": 0.004485306293467019, "pear": 0.009691629679431265}