{"banana": 0.018073526386506517, "apple": 0.020424471708667742, "coconut": 0.009112184387632517, "peach": 0.01721372951082235, "pear": 0.013666446140858097}