{"banana": 0.018958516433468967, "apple": 0.02159516841017556, "coconut": 0.007613953799864098, "peach": 0.017510408491368753, "pear": 0.012650413496259507}