{"banana": 0.02420688963059315, "apple": 0.01125884559347611, "coconut": 0.013515032488993148, "peach": 0.01324762634060939, "pear": 0.017211833067562098}