{"banana": 0.016282176560531242, "apple": 0.01389171287181905, "coconut": 0.009890879248189295, "peach": 0.017316412108552677, "pear": 0.020936748654786223}