{"banana": 0.014611740057370384, "apple": 0.02005649007082179, "coconut": 0.014653959902429368, "peach": 0.014307045475623087, "pear": 0.01502808413501344}