{"banana": 0.015574908218567282, "apple": 0.009691629679431265, "coconut": 0.021906613513063587, "peach": 0.008728042078838837, "pear": 0.02246590226666063}