{"banana": 0.013394005434742834, "apple": 0.014052076790036751, "coconut": 0.014601365884570979, "peach": 0.014307045475623087, "pear": 0.022019183143850152}