{"banana": 0.01875906906624646, "apple": 0.02084524446593536, "coconut": 0.013751095126240882, "peach": 0.012700064467134224, "pear": 0.013094818095845551}