{"banana": 0.014049659704981128, "apple": 0.015695267524899872, "coconut": 0.01715168548731716, "peach": 0.014134769891867936, "pear": 0.017589578126111814}