{"banana": 0.01962635485290174, "apple": 0.007581723789171326, "coconut": 0.014193856071568027, "peach": 0.021678015982938028, "pear": 0.014556233582189153}