{"banana": 0.006611892192899214, "apple": 0.016917756325970344, "coconut": 0.021353089515410692, "peach": 0.015235713081979433, "pear": 0.016917756325970344}