{"banana": 0.01799211067745545, "apple": 0.013971433696982503, "coconut": 0.013623614782540544, "peach": 0.01473236628314788, "pear": 0.01868257322725446}