{"banana": 0.0, "apple": 0.018412387411313316, "coconut": 0.017954010931090607, "peach": 0.01275310366947978, "pear": 0.02633920018946047}