{"banana": 0.014772941820122995, "apple": 0.013431897262154007, "coconut": 0.017050112692031973, "peach": 0.02092275031739595, "pear": 0.011332160579564536}