{"banana": 0.026393948827183294, "apple": 0.01463793528140102, "coconut": 0.00884834306247323, "peach": 0.013987405535164614, "pear": 0.015531633944743458}