{"banana": 0.016132318163520724, "apple": 0.014667873387115749, "coconut": 0.009375792542817013, "peach": 0.020588116561317454, "pear": 0.01708844170048158}