{"banana": 0.009591440738865593, "apple": 0.011443943604292971, "coconut": 0.023317700351237133, "peach": 0.016121496182186335, "pear": 0.0166475705100292}