{"banana": 0.018606830074167677, "apple": 0.018609748437536464, "coconut": 0.01649658869437907, "peach": 0.01209643459154539, "pear": 0.013431897262154007}