{"banana": 0.016825149261504357, "apple": 0.01820257547313365, "coconut": 0.014193856071568027, "peach": 0.01377683064164949, "pear": 0.01603313090216602}