{"banana": 0.014049659704981128, "apple": 0.0166475705100292, "coconut": 0.014992732919867082, "peach": 0.014992390416066542, "pear": 0.01790133107342916}