{"banana": 0.022001134692379787, "apple": 0.01774056561117185, "coconut": 0.017298914138152523, "peach": 0.009523368112103659, "pear": 0.013029426080899902}