{"banana": 0.015624808987911418, "apple": 0.017237517623628833, "coconut": 0.019664646153335737, "peach": 0.009965855837691835, "pear": 0.01648957435463622}