{"banana": 0.012796904279712753, "apple": 0.035330143737283666, "coconut": 0.01134557931803995, "peach": 0.005413973899823364, "pear": 0.01163523864451864}