{"banana": 0.021384834013022207, "apple": 0.019443581172158126, "coconut": 0.018959533117904052, "peach": 0.017510408491368753, "pear": 0.0}