{"banana": 0.015330120281236783, "apple": 0.018370037541305638, "coconut": 0.015056458740852756, "peach": 0.012552665509716347, "pear": 0.01764692255452277}