{"banana": 0.022926439780713466, "apple": 0.01104449159650551, "coconut": 0.010769538920854938, "peach": 0.018772711799801545, "pear": 0.015098006451852832}