{"banana": 0.010097164473717711, "apple": 0.021358710040301147, "coconut": 0.020826984842929126, "peach": 0.019235126201438354, "pear": 0.0047111395302719536}