{"banana": 0.014454024968872293, "apple": 0.019037357332326574, "coconut": 0.016960249507412716, "peach": 0.011835297921661476, "pear": 0.016559421938196428}