{"banana": 0.022148458972523325, "apple": 0.020137886485732434, "coconut": 0.01406303905860179, "peach": 0.011646739968982953, "pear": 0.011417128753850392}