{"banana": 0.018606830074167677, "apple": 0.015886562565125537, "coconut": 0.01649658869437907, "peach": 0.012416074532003865, "pear": 0.015886562565125537}