{"banana": 0.014049659704981128, "apple": 0.015375506227241379, "coconut": 0.013733959776150093, "peach": 0.01150419406805463, "pear": 0.023913014983433286}