{"banana": 0.02408457381901725, "apple": 0.021898246475129658, "coconut": 0.021353089515410692, "peach": 0.010478408260090461, "pear": 0.0}