{"banana": 0.024870106293840694, "apple": 0.006226566524025198, "coconut": 0.008952022920533313, "peach": 0.013332231736279853, "pear": 0.025067135906672637}