{"banana": 0.012382932036177428, "apple": 0.01762188020463764, "coconut": 0.012256259345276138, "peach": 0.018049733616974196, "pear": 0.01762188020463764}