{"banana": 0.026190909714455604, "apple": 0.01163523864451864, "coconut": 0.015491066507565628, "peach": 0.010478408260090461, "pear": 0.015886562565125537}