{"banana": 0.017472681626118036, "apple": 0.008304838775954214, "coconut": 0.02229194584306668, "peach": 0.007479132477413688, "pear": 0.02286107235814336}