{"banana": 0.011481079141499954, "apple": 0.015886562565125537, "coconut": 0.012876533046261858, "peach": 0.017795241823635, "pear": 0.01975986048792537}