{"banana": 0.01435717359593974, "apple": 0.01603313090216602, "coconut": 0.017749422262201504, "peach": 0.01377683064164949, "pear": 0.016762297130718442}