{"banana": 0.012382932036177428, "apple": 0.01125884559347611, "coconut": 0.020699504499228808, "peach": 0.021210086767635035, "pear": 0.01125884559347611}