{"banana": 0.015624808987911418, "apple": 0.014206434413796355, "coconut": 0.01607906631544492, "peach": 0.017510408491368753, "pear": 0.014974147360882971}