{"banana": 0.011287669539304502, "apple": 0.019443581172158126, "coconut": 0.018959533117904052, "peach": 0.009242611115355993, "pear": 0.019443581172158126}