{"banana": 0.017472681626118036, "apple": 0.01994007742047285, "coconut": 0.01749035011805697, "peach": 0.002210610884077696, "pear": 0.021898246475129658}