{"banana": 0.014772941820122995, "apple": 0.0, "coconut": 0.024443089428098932, "peach": 0.01209643459154539, "pear": 0.025067135906672637}