{"banana": 0.020062958912662257, "apple": 0.013261211887642782, "coconut": 0.020573582826477577, "peach": 0.015551240233601465, "pear": 0.009061128695254987}