{"banana": 0.01805526351358605, "apple": 0.012822560122865532, "coconut": 0.019372992002581843, "peach": 0.01236937920370969, "pear": 0.016416259368547792}