{"banana": 0.023111627133720225, "apple": 0.014556233582189153, "coconut": 0.007392976736066969, "peach": 0.021678015982938028, "pear": 0.01113874239620391}