{"banana": 0.0076708468941644615, "apple": 0.0, "coconut": 0.01309751011005899, "peach": 0.022574842851635843, "pear": 0.03034965358812436}