{"banana": 0.012796904279712753, "apple": 0.02428565214077815, "coconut": 0.005862023007845066, "peach": 0.005413973899823364, "pear": 0.028872756268147472}