{"banana": 0.01781556007903381, "apple": 0.019255992604925103, "coconut": 0.015033029640156332, "peach": 0.01388401751377577, "pear": 0.013029426080899902}