{"banana": 0.023111627133720225, "apple": 0.013205278523685847, "coconut": 0.015491066507565628, "peach": 0.015487090222358484, "pear": 0.011833047709778232}