{"banana": 0.010860789433218833, "apple": 0.01732684090754075, "coconut": 0.011874961922395816, "peach": 0.018756013960206087, "pear": 0.018743699049351182}