{"banana": 0.018810372293039206, "apple": 0.01536006636615278, "coconut": 0.011473443349902048, "peach": 0.01694108437218272, "pear": 0.016235800931745672}