{"banana": 0.006611892192899214, "apple": 0.020679557297119868, "coconut": 0.018959533117904052, "peach": 0.011695044985517737, "pear": 0.019443581172158126}