{"banana": 0.012147176873347237, "apple": 0.01897130437465266, "coconut": 0.010769538920854938, "peach": 0.018772711799801545, "pear": 0.01705617550650964}