{"banana": 0.011287669539304502, "apple": 0.014052076790036751, "coconut": 0.013702250265374416, "peach": 0.015925071807078018, "pear": 0.02286107235814336}