{"banana": 0.018717302046470013, "apple": 0.017018199974932074, "coconut": 0.01929208005175981, "peach": 0.011434223936907099, "pear": 0.01269657765936608}