{"banana": 0.015861981100307454, "apple": 0.014422076733785203, "coconut": 0.012610599705106498, "peach": 0.01937147983589019, "pear": 0.015886562565125537}