{"banana": 0.01977413348721163, "apple": 0.019443581172158126, "coconut": 0.01607906631544492, "peach": 0.016191528758796085, "pear": 0.0069745097930178105}