{"banana": 0.025708925000126212, "apple": 0.00951506456161841, "coconut": 0.012158653782402997, "peach": 0.01870846988308807, "pear": 0.0124690713791403}