{"banana": 0.02756984609983574, "apple": 0.01163523864451864, "coconut": 0.014814045928378376, "peach": 0.01675947934578483, "pear": 0.00792681277814716}