{"banana": 0.016765413284154075, "apple": 0.020462713910653338, "coconut": 0.010561034195023626, "peach": 0.014690769941393168, "pear": 0.016312650728723847}