{"banana": 0.01765197901304832, "apple": 0.014405481198866836, "coconut": 0.01953041297980628, "peach": 0.012973220214601698, "pear": 0.014405481198866836}