{"banana": 0.015776452825679153, "apple": 0.015886562565125537, "coconut": 0.016233129155728894, "peach": 0.016345380775945637, "pear": 0.014344312466396579}