{"banana": 0.015776452825679153, "apple": 0.01962683014784827, "coconut": 0.009309021904302342, "peach": 0.013615662175984408, "pear": 0.02035599637640069}