{"banana": 0.026300497405482536, "apple": 0.0166475705100292, "coconut": 0.016233129155728894, "peach": 0.014992390416066542, "pear": 0.0044694338112751504}