{"banana": 0.024527227840924936, "apple": 0.01648957435463622, "coconut": 0.006800879335501042, "peach": 0.014850102984728615, "pear": 0.01648957435463622}