{"banana": 0.010964450260372977, "apple": 0.023063947550665362, "coconut": 0.007392976736066969, "peach": 0.0068279129982094025, "pear": 0.028940433829472492}