{"banana": 0.014454024968872293, "apple": 0.01984791997578964, "coconut": 0.020912852089385706, "peach": 0.011835297921661476, "pear": 0.011381570762813976}