{"banana": 0.014772941820122995, "apple": 0.018795735393582393, "coconut": 0.017050112692031973, "peach": 0.01574692985342645, "pear": 0.012037709825772753}