{"banana": 0.026435697651786105, "apple": 0.014161063490706421, "coconut": 0.007642508877644972, "peach": 0.01507262712743627, "pear": 0.015886562565125537}