{"banana": 0.011123709832313524, "apple": 0.01917506060271874, "coconut": 0.021787697282123573, "peach": 0.011229337405674384, "pear": 0.014762226245090392}