{"banana": 0.016282176560531242, "apple": 0.009180573341547111, "coconut": 0.017050112692031973, "peach": 0.018089536558168837, "pear": 0.017485412117501323}