{"banana": 0.018309668827203158, "apple": 0.02035599637640069, "coconut": 0.026650113076399754, "peach": 0.004025061590640939, "pear": 0.00872075773188204}