{"banana": 0.022388345018578358, "apple": 0.0166475705100292, "coconut": 0.00850365442285874, "peach": 0.016680014532024137, "pear": 0.014732441641886168}