{"banana": 0.02408457381901725, "apple": 0.009429175095989359, "coconut": 0.009194435733007697, "peach": 0.016153518829797753, "pear": 0.01994007742047285}