{"banana": 0.015366345730679692, "apple": 0.0171403231285255, "coconut": 0.016713614695228796, "peach": 0.015436151241742881, "pear": 0.013971433696982503}