{"banana": 0.016178851024527284, "apple": 0.013001600803376031, "coconut": 0.01011595390467304, "peach": 0.020518703467996367, "pear": 0.018030006739184378}