{"banana": 0.018309668827203158, "apple": 0.01913730719839089, "coconut": 0.011159046568834121, "peach": 0.012684238814790022, "pear": 0.01790133107342916}