{"banana": 0.013148590639014034, "apple": 0.018412387411313316, "coconut": 0.015906547204118424, "peach": 0.01275310366947978, "pear": 0.018412387411313316}