{"banana": 0.009754286020801944, "apple": 0.014316522685958333, "coconut": 0.02252504786345052, "peach": 0.014073151123972437, "pear": 0.016917756325970344}