{"banana": 0.01813589828936558, "apple": 0.025067135906672637, "coconut": 0.010007510197370744, "peach": 0.01209643459154539, "pear": 0.013431897262154007}