{"banana": 0.009133996312520811, "apple": 0.029318459827279538, "coconut": 0.015491066507565628, "peach": 0.0, "pear": 0.02286107235814336}