{"banana": 0.017472681626118036, "apple": 0.029318459827279538, "coconut": 0.0, "peach": 0.026403480067168472, "pear": 0.0}