{"banana": 0.01908338215192863, "apple": 0.019738454062114354, "coconut": 0.013302989371359658, "peach": 0.013415314324118053, "pear": 0.013642622530094376}