{"banana": 0.01600953220776171, "apple": 0.014556233582189153, "coconut": 0.014193856071568027, "peach": 0.016070524113565403, "pear": 0.017844731619782353}