{"banana": 0.01813589828936558, "apple": 0.017485412117501323, "coconut": 0.018959533117904052, "peach": 0.010205463647926152, "pear": 0.014463091022998815}