{"banana": 0.01936110578968693, "apple": 0.016534408343701266, "coconut": 0.01070912965194885, "peach": 0.01585333189940017, "pear": 0.016534408343701266}