{"banana": 0.02349116990846054, "apple": 0.019443581172158126, "coconut": 0.020826984842929126, "peach": 0.006281071085694357, "pear": 0.009180573341547111}