{"banana": 0.02246365694808105, "apple": 0.007855302839110553, "coconut": 0.013326219893209696, "peach": 0.01721372951082235, "pear": 0.017783819449650268}