{"banana": 0.033379771894290686, "apple": 0.0069745097930178105, "coconut": 0.006800879335501042, "peach": 0.01209643459154539, "pear": 0.019443581172158126}