{"banana": 0.01600953220776171, "apple": 0.016762297130718442, "coconut": 0.016344999656600287, "peach": 0.017033376646135565, "pear": 0.01229286331944329}