{"banana": 0.021384834013022207, "apple": 0.011066099744372117, "coconut": 0.012335481386574787, "peach": 0.01348534690072781, "pear": 0.020883859514573333}