{"banana": 0.013346100197374325, "apple": 0.021227975048295936, "coconut": 0.01597797691251811, "peach": 0.01092810288265289, "pear": 0.017211833067562098}