{"banana": 0.021384834013022207, "apple": 0.01217813669875404, "coconut": 0.018959533117904052, "peach": 0.013209524132100277, "pear": 0.013431897262154007}