{"banana": 0.01923116078623852, "apple": 0.017485412117501323, "coconut": 0.01607906631544492, "peach": 0.01209643459154539, "pear": 0.014463091022998815}