{"banana": 0.022505717262717197, "apple": 0.014161063490706421, "coconut": 0.017954010931090607, "peach": 0.010766377379161375, "pear": 0.014161063490706421}