{"banana": 0.01764245036025795, "apple": 0.014484899271348307, "coconut": 0.017867882557636144, "peach": 0.015137439434967717, "pear": 0.013696343158075587}