{"banana": 0.01646917062056189, "apple": 0.01856784660656523, "coconut": 0.013702250265374416, "peach": 0.01265495294138319, "pear": 0.017683221182760903}