{"banana": 0.021384834013022207, "apple": 0.03034965358812436, "coconut": 0.006800879335501042, "peach": 0.006281071085694357, "pear": 0.013431897262154007}