{"banana": 0.019426741314038848, "apple": 0.018458996054214142, "coconut": 0.01241285182731701, "peach": 0.01445385842187614, "pear": 0.014405481198866836}