{"banana": 0.023111627133720225, "apple": 0.007581723789171326, "coconut": 0.007392976736066969, "peach": 0.02433832148957817, "pear": 0.014556233582189153}