{"banana": 0.01710479470463464, "apple": 0.019643661296408526, "coconut": 0.01837153331002476, "peach": 0.006903041292011942, "pear": 0.017211833067562098}