{"banana": 0.017472681626118036, "apple": 0.015886562565125537, "coconut": 0.005483556310194886, "peach": 0.018549781260994904, "pear": 0.020597702095397488}