{"banana": 0.007282065730699575, "apple": 0.014732441641886168, "coconut": 0.021601164532917733, "peach": 0.014992390416066542, "pear": 0.01852151060131191}