{"banana": 0.009754286020801944, "apple": 0.014316522685958333, "coconut": 0.02368106070461474, "peach": 0.015235713081979433, "pear": 0.014316522685958333}