{"banana": 0.019898999205671286, "apple": 0.01718021090941227, "coconut": 0.016752509469603247, "peach": 0.01380240388511611, "pear": 0.01149548744242747}