{"banana": 0.01600953220776171, "apple": 0.01113874239620391, "coconut": 0.02635250985397104, "peach": 0.013108984083903773, "pear": 0.01113874239620391}