{"banana": 0.016324950239152574, "apple": 0.01271767313358255, "coconut": 0.01749035011805697, "peach": 0.015235713081979433, "pear": 0.016917756325970344}