{"banana": 0.020062958912662257, "apple": 0.02386525677131661, "coconut": 0.015878154343992142, "peach": 0.007185414741301784, "pear": 0.012230018126797965}