{"banana": 0.01851437041879499, "apple": 0.014446284222710323, "coconut": 0.015258602250004227, "peach": 0.016213329424829562, "pear": 0.014446284222710323}