{"banana": 0.00885254405336574, "apple": 0.02436158666046443, "coconut": 0.019505937786453334, "peach": 0.004906065997971958, "pear": 0.02000393587391771}