{"banana": 0.018606830074167677, "apple": 0.014316522685958333, "coconut": 0.01134557931803995, "peach": 0.017510408491368753, "pear": 0.016917756325970344}