{"banana": 0.015861981100307454, "apple": 0.009874878655121424, "coconut": 0.01406303905860179, "peach": 0.016880111955064808, "pear": 0.02151011729964006}