{"banana": 0.01975456146113315, "apple": 0.008970356458341605, "coconut": 0.018343092930466407, "peach": 0.01223138130903752, "pear": 0.019653292117730918}