{"banana": 0.017472681626118036, "apple": 0.026507414249087865, "coconut": 0.008952022920533313, "peach": 0.00982173918215607, "pear": 0.015886562565125537}