{"banana": 0.018958516433468967, "apple": 0.012650413496259507, "coconut": 0.014601365884570979, "peach": 0.016191528758796085, "pear": 0.01648957435463622}