{"banana": 0.014772941820122995, "apple": 0.013431897262154007, "coconut": 0.01309751011005899, "peach": 0.01209643459154539, "pear": 0.025067135906672637}