{"banana": 0.016994703451447667, "apple": 0.007473279648446283, "coconut": 0.01819521941995086, "peach": 0.01867297044937575, "pear": 0.016534408343701266}