{"banana": 0.013520186394854632, "apple": 0.018913884368735874, "coconut": 0.016344999656600287, "peach": 0.01107064878358123, "pear": 0.018913884368735874}