{"banana": 0.021187033271264474, "apple": 0.014071187406590057, "coconut": 0.012972284393747334, "peach": 0.014036919574171658, "pear": 0.017076135386524888}