{"banana": 0.028392464243939135, "apple": 0.021227975048295936, "coconut": 0.010978556573957786, "peach": 0.0077247398669072305, "pear": 0.01125884559347611}