{"banana": 0.01542266922648851, "apple": 0.021898246475129658, "coconut": 0.012517537666079766, "peach": 0.013681771275836127, "pear": 0.01519225725155123}