{"banana": 0.017941310556806526, "apple": 0.016312650728723847, "coconut": 0.01380852374156493, "peach": 0.01275310366947978, "pear": 0.018412387411313316}