{"banana": 0.011994937881268465, "apple": 0.020597702095397488, "coconut": 0.016274165443963068, "peach": 0.018549781260994904, "pear": 0.01004759398585413}