{"banana": 0.01875906906624646, "apple": 0.01897130437465266, "coconut": 0.013751095126240882, "peach": 0.010875063680307342, "pear": 0.01705617550650964}