{"banana": 0.01903949187162855, "apple": 0.013295000367026504, "coconut": 0.020623766297983823, "peach": 0.010478408260090461, "pear": 0.015726828595872936}