{"banana": 0.02229322399304198, "apple": 0.020269510160044312, "coconut": 0.018146458653541007, "peach": 0.013681771275836127, "pear": 0.004053514855347317}