{"banana": 0.00858792973330945, "apple": 0.02159516841017556, "coconut": 0.01680838953287179, "peach": 0.015523682201050354, "pear": 0.014974147360882971}