{"banana": 0.014772941820122995, "apple": 0.010906072415966224, "coconut": 0.005483556310194886, "peach": 0.024512509123549246, "pear": 0.020597702095397488}