{"banana": 0.017472681626118036, "apple": 0.010906072415966224, "coconut": 0.010634565686534009, "peach": 0.014307045475623087, "pear": 0.025067135906672637}