{"banana": 0.01600953220776171, "apple": 0.021013621051325333, "coconut": 0.010178984792680316, "peach": 0.02003743713030969, "pear": 0.010438860273396973}