{"banana": 0.023657693712931586, "apple": 0.012932555747603634, "coconut": 0.00962904349972057, "peach": 0.024128784657779158, "pear": 0.006705989223578439}