{"banana": 0.01698247889305873, "apple": 0.016917756325970344, "coconut": 0.012100834363269903, "peach": 0.015235713081979433, "pear": 0.01764692255452277}