{"banana": 0.01977413348721163, "apple": 0.013431897262154007, "coconut": 0.01156655638183707, "peach": 0.01209643459154539, "pear": 0.022300717656383775}