{"banana": 0.015888605472019236, "apple": 0.018003302829742916, "coconut": 0.018680499589164647, "peach": 0.015160004926678294, "pear": 0.010737858356338826}