{"banana": 0.021384834013022207, "apple": 0.01217813669875404, "coconut": 0.0181055999688694, "peach": 0.016721743592769678, "pear": 0.01026300783061102}