{"banana": 0.0, "apple": 0.0, "coconut": 0.027057622889402708, "peach": 0.017510408491368753, "pear": 0.02774841994811233}