{"banana": 0.015510133342589839, "apple": 0.01897130437465266, "coconut": 0.015682215369147594, "peach": 0.012700064467134224, "pear": 0.0160825915697968}