{"banana": 0.022001134692379787, "apple": 0.013029426080899902, "coconut": 0.015033029640156332, "peach": 0.011733978996181376, "pear": 0.01774056561117185}