{"banana": 0.02756984609983574, "apple": 0.0, "coconut": 0.0, "peach": 0.022574842851635843, "pear": 0.025067135906672637}