{"banana": 0.01944871916652828, "apple": 0.01217813669875404, "coconut": 0.02229194584306668, "peach": 0.010967328825425594, "pear": 0.014052076790036751}