{"banana": 0.0076708468941644615, "apple": 0.025067135906672637, "coconut": 0.01309751011005899, "peach": 0.017510408491368753, "pear": 0.013431897262154007}