{"banana": 0.01600953220776171, "apple": 0.01738247665860118, "coconut": 0.016041007800525392, "peach": 0.01730632125829987, "pear": 0.01163523864451864}