{"banana": 0.021384834013022207, "apple": 0.02660938600540162, "coconut": 0.013960112779343725, "peach": 0.005413973899823364, "pear": 0.01163523864451864}