{"banana": 0.014772941820122995, "apple": 0.01708844170048158, "coconut": 0.014302716602971213, "peach": 0.01538942811033407, "pear": 0.01708844170048158}