{"banana": 0.031029948472338798, "apple": 0.004980490149159313, "coconut": 0.025683485663960757, "peach": 0.008728042078838837, "pear": 0.007367895814807793}