{"banana": 0.01380393027455428, "apple": 0.01670091293950382, "coconut": 0.013268295359796657, "peach": 0.01594762432825143, "pear": 0.0187041012955111}