{"banana": 0.01923116078623852, "apple": 0.01548222376149403, "coconut": 0.015096793720550316, "peach": 0.019235126201438354, "pear": 0.009180573341547111}