{"banana": 0.02353411610024362, "apple": 0.015586614400343306, "coconut": 0.015927908771330185, "peach": 0.009152672427134871, "pear": 0.015586614400343306}