{"banana": 0.020467751173877228, "apple": 0.00792681277814716, "coconut": 0.02029760223857326, "peach": 0.012628446777684864, "pear": 0.017485412117501323}