{"banana": 0.022744210356419936, "apple": 0.014316522685958333, "coconut": 0.013960112779343725, "peach": 0.011695044985517737, "pear": 0.016917756325970344}