{"banana": 0.019102954178007107, "apple": 0.016312650728723847, "coconut": 0.019953294541581932, "peach": 0.006635344811061406, "pear": 0.01736884373111887}