{"banana": 0.018895488200115135, "apple": 0.01718021090941227, "coconut": 0.01494466183901635, "peach": 0.01380240388511611, "pear": 0.01438420024728334}