{"banana": 0.01813589828936558, "apple": 0.019443581172158126, "coconut": 0.006800879335501042, "peach": 0.009242611115355993, "pear": 0.025067135906672637}