{"banana": 0.022926439780713466, "apple": 0.01705617550650964, "coconut": 0.0221151182388949, "peach": 0.009946396073950987, "pear": 0.0067931676758986245}