{"banana": 0.020314047170824575, "apple": 0.013431897262154007, "coconut": 0.023553388805104287, "peach": 0.0072807215072777905, "pear": 0.014463091022998815}