{"banana": 0.026300497405482536, "apple": 0.0166475705100292, "coconut": 0.014365677430703811, "peach": 0.00596272786255434, "pear": 0.0166475705100292}