{"banana": 0.023111627133720225, "apple": 0.013808290313196537, "coconut": 0.011986832423267216, "peach": 0.01377683064164949, "pear": 0.016762297130718442}