{"banana": 0.010370586700159523, "apple": 0.021898246475129658, "coconut": 0.01944366908953861, "peach": 0.008491681969772069, "pear": 0.017936889064465576}