{"banana": 0.01977413348721163, "apple": 0.014974147360882971, "coconut": 0.014601365884570979, "peach": 0.014170691841171267, "pear": 0.015735155305786636}