{"banana": 0.015745888505420025, "apple": 0.014316522685958333, "coconut": 0.013960112779343725, "peach": 0.017510408491368753, "pear": 0.016917756325970344}