{"banana": 0.01107011115901473, "apple": 0.01317748874324761, "coconut": 0.015779574876921186, "peach": 0.015892382159913832, "pear": 0.021898246475129658}