{"banana": 0.01977413348721163, "apple": 0.022300717656383775, "coconut": 0.01309751011005899, "peach": 0.007775811457960085, "pear": 0.01648957435463622}