{"banana": 0.01670905666661692, "apple": 0.018609748437536464, "coconut": 0.018146458653541007, "peach": 0.01446258863236328, "pear": 0.010722823440276074}