{"banana": 0.014454024968872293, "apple": 0.013141930752211206, "coconut": 0.014497305083887739, "peach": 0.01931443039907516, "pear": 0.016559421938196428}