{"banana": 0.014568385871894442, "apple": 0.014355923480581992, "coconut": 0.01506729688528192, "peach": 0.02228149111978646, "pear": 0.010982540043362196}