{"banana": 0.01542266922648851, "apple": 0.020815811986065746, "coconut": 0.018146458653541007, "peach": 0.008267797376012765, "pear": 0.01634637817479059}