{"banana": 0.020370703646231843, "apple": 0.014732441641886168, "coconut": 0.015304533758359802, "peach": 0.009700172160348224, "pear": 0.019443581172158126}