{"banana": 0.013088637915532254, "apple": 0.019017493008559812, "coconut": 0.02019392238051318, "peach": 0.013987405535164614, "pear": 0.011900489552019307}