{"banana": 0.018913827961985312, "apple": 0.014556233582189153, "coconut": 0.010178984792680316, "peach": 0.014307045475623087, "pear": 0.021013621051325333}