{"banana": 0.014148611108052172, "apple": 0.01113874239620391, "coconut": 0.012543986112406105, "peach": 0.017510408491368753, "pear": 0.022555871150054304}