{"banana": 0.01869351884114627, "apple": 0.018092626113654836, "coconut": 0.01974023355515139, "peach": 0.014307045475623087, "pear": 0.007693363594097941}