{"banana": 0.023111627133720225, "apple": 0.027025304961329467, "coconut": 0.020490486846125956, "peach": 0.0068279129982094025, "pear": 0.0}