{"banana": 0.005809925794454927, "apple": 0.017237517623628833, "coconut": 0.01680838953287179, "peach": 0.015523682201050354, "pear": 0.02159516841017556}