{"banana": 0.01255701823365773, "apple": 0.020137886485732434, "coconut": 0.015491066507565628, "peach": 0.015604124542162279, "pear": 0.014422076733785203}