{"banana": 0.01785678805358238, "apple": 0.013581742279006005, "coconut": 0.01916402330839775, "peach": 0.013832896015627151, "pear": 0.014475440942348455}