{"banana": 0.012796904279712753, "apple": 0.017485412117501323, "coconut": 0.006489078497008331, "peach": 0.01574692985342645, "pear": 0.025067135906672637}