{"banana": 0.01695605274499107, "apple": 0.013832517994660991, "coconut": 0.017298914138152523, "peach": 0.015285331481914513, "pear": 0.015416831746548386}