{"banana": 0.02408457381901725, "apple": 0.00792681277814716, "coconut": 0.007729474732870155, "peach": 0.01972101937544645, "pear": 0.018609748437536464}