{"banana": 0.01724745373076995, "apple": 0.015681780201008605, "coconut": 0.021086739350154454, "peach": 0.006366042936858784, "pear": 0.0187041012955111}