{"banana": 0.017306157821647013, "apple": 0.014206434413796355, "coconut": 0.012335481386574787, "peach": 0.017510408491368753, "pear": 0.017237517623628833}