{"banana": 0.020467751173877228, "apple": 0.016917756325970344, "coconut": 0.018146458653541007, "peach": 0.008826315725850563, "pear": 0.01519225725155123}