{"banana": 0.021121913613927512, "apple": 0.014280344626138001, "coconut": 0.015878154343992142, "peach": 0.015551240233601465, "pear": 0.012230018126797965}