{"banana": 0.019898999205671286, "apple": 0.02337514379510654, "coconut": 0.012158653782402997, "peach": 0.021051076587830467, "pear": 0.0}