{"banana": 0.03524069299400021, "apple": 0.013431897262154007, "coconut": 0.004593855687200237, "peach": 0.004242735785371819, "pear": 0.021358710040301147}