{"banana": 0.021384834013022207, "apple": 0.019443581172158126, "coconut": 0.010730626333439167, "peach": 0.009910457673101716, "pear": 0.018092626113654836}