{"banana": 0.010097164473717711, "apple": 0.025067135906672637, "coconut": 0.01309751011005899, "peach": 0.010205463647926152, "pear": 0.019443581172158126}