{"banana": 0.01391343448608025, "apple": 0.012650413496259507, "coconut": 0.018959533117904052, "peach": 0.01348534690072781, "pear": 0.019443581172158126}