{"banana": 0.014000702143068299, "apple": 0.017663238415599476, "coconut": 0.016440413067118048, "peach": 0.01803765457486879, "pear": 0.011879656352679057}