{"banana": 0.019898999205671286, "apple": 0.011299458437756208, "coconut": 0.016573445898296582, "peach": 0.01823143803785488, "pear": 0.0124690713791403}