{"banana": 0.014772941820122995, "apple": 0.011332160579564536, "coconut": 0.018959533117904052, "peach": 0.017510408491368753, "pear": 0.01548222376149403}