{"banana": 0.01600953220776171, "apple": 0.018304547229447413, "coconut": 0.009392260346558302, "peach": 0.018119504668856836, "pear": 0.016450544183401108}