{"banana": 0.017909285685878556, "apple": 0.014280344626138001, "coconut": 0.01872643109752022, "peach": 0.016428025856657782, "pear": 0.011186474446603527}