{"banana": 0.024620861874128475, "apple": 0.011525150372356675, "coconut": 0.014916972207636443, "peach": 0.013108984083903773, "pear": 0.015297811299378104}