{"banana": 0.01923116078623852, "apple": 0.015075999921662477, "coconut": 0.01309751011005899, "peach": 0.019235126201438354, "pear": 0.011756175313239121}