{"banana": 0.011287669539304502, "apple": 0.020883859514573333, "coconut": 0.02036395572350527, "peach": 0.009242611115355993, "pear": 0.01648957435463622}