{"banana": 0.019688605212583313, "apple": 0.012774272587229367, "coconut": 0.014992732919867082, "peach": 0.016121496182186335, "pear": 0.015375506227241379}