{"banana": 0.011123709832313524, "apple": 0.021300406354067266, "coconut": 0.013284042859264824, "peach": 0.019182619343084004, "pear": 0.0124690713791403}