{"banana": 0.023111627133720225, "apple": 0.014556233582189153, "coconut": 0.014193856071568027, "peach": 0.0068279129982094025, "pear": 0.021013621051325333}