{"banana": 0.013713987118857731, "apple": 0.02337514379510654, "coconut": 0.017642210092597897, "peach": 0.011229337405674384, "pear": 0.0124690713791403}