{"banana": 0.01785678805358238, "apple": 0.013581742279006005, "coconut": 0.016677046744099564, "peach": 0.017699268984174937, "pear": 0.012678782324713093}