{"banana": 0.01046505139520112, "apple": 0.02077391015509451, "coconut": 0.010730626333439167, "peach": 0.01380240388511611, "pear": 0.02208423343117559}