{"banana": 0.013879790664298822, "apple": 0.020119922387982898, "coconut": 0.016041007800525392, "peach": 0.012241886898032772, "pear": 0.016450544183401108}