{"banana": 0.017835005026926462, "apple": 0.012864241470623046, "coconut": 0.015812298017374674, "peach": 0.013108984083903773, "pear": 0.019443581172158126}