{"banana": 0.017275288301212548, "apple": 0.020936748654786223, "coconut": 0.016187510022747226, "peach": 0.014145415146836817, "pear": 0.010143399224560808}