{"banana": 0.017743018689331296, "apple": 0.017351048396465875, "coconut": 0.013302989371359658, "peach": 0.014528403864672943, "pear": 0.01613235921845607}