{"banana": 0.01923116078623852, "apple": 0.02862415451370523, "coconut": 0.008952022920533313, "peach": 0.004242735785371819, "pear": 0.017485412117501323}