{"banana": 0.01440220857109189, "apple": 0.01897130437465266, "coconut": 0.018499013653725086, "peach": 0.015360369973774358, "pear": 0.01104449159650551}