{"banana": 0.019345726759667538, "apple": 0.014732441641886168, "coconut": 0.011485210628244698, "peach": 0.016680014532024137, "pear": 0.0166475705100292}