{"banana": 0.010097164473717711, "apple": 0.01548222376149403, "coconut": 0.018959533117904052, "peach": 0.010205463647926152, "pear": 0.02323265013158386}