{"banana": 0.0064631963905929105, "apple": 0.018219183660704283, "coconut": 0.020912852089385706, "peach": 0.016407746363875885, "pear": 0.014867429826630314}