{"banana": 0.015888605472019236, "apple": 0.016833689888358816, "coconut": 0.01641461509116845, "peach": 0.014092349043794871, "pear": 0.015648163358066357}