{"banana": 0.01600953220776171, "apple": 0.015886562565125537, "coconut": 0.018027542422600983, "peach": 0.014307045475623087, "pear": 0.014556233582189153}