{"banana": 0.018212719476132583, "apple": 0.012266196186618304, "coconut": 0.016147175043049668, "peach": 0.016407746363875885, "pear": 0.015717532723903214}