{"banana": 0.017472681626118036, "apple": 0.018487796205137557, "coconut": 0.018027542422600983, "peach": 0.009400979477651122, "pear": 0.015886562565125537}