{"banana": 0.032245623446241024, "apple": 0.008304838775954214, "coconut": 0.028588576617624612, "peach": 0.007479132477413688, "pear": 0.0}