{"banana": 0.018309668827203158, "apple": 0.0166475705100292, "coconut": 0.0198492337408987, "peach": 0.01326767270599693, "pear": 0.010771084231222076}