{"banana": 0.030059191912742828, "apple": 0.010771084231222076, "coconut": 0.006456190695886576, "peach": 0.019950133397718957, "pear": 0.010771084231222076}