{"banana": 0.013394005434742834, "apple": 0.014667873387115749, "coconut": 0.015491066507565628, "peach": 0.018549781260994904, "pear": 0.015886562565125537}