{"banana": 0.015366345730679692, "apple": 0.0, "coconut": 0.025361645759687204, "peach": 0.023423191621007963, "pear": 0.010682935659389303}