{"banana": 0.02229322399304198, "apple": 0.014316522685958333, "coconut": 0.018146458653541007, "peach": 0.009656709685195183, "pear": 0.01519225725155123}