{"banana": 0.018667427246822244, "apple": 0.02074551359110667, "coconut": 0.010311502053445632, "peach": 0.01388401751377577, "pear": 0.015416831746548386}