{"banana": 0.009133996312520811, "apple": 0.02286107235814336, "coconut": 0.018959533117904052, "peach": 0.010967328825425594, "pear": 0.015886562565125537}