{"banana": 0.022505717262717197, "apple": 0.016312650728723847, "coconut": 0.010561034195023626, "peach": 0.011766027800744807, "pear": 0.018412387411313316}