{"banana": 0.012325972494910657, "apple": 0.018412387411313316, "coconut": 0.012380496292601084, "peach": 0.015326170148921507, "pear": 0.019784618225220936}