{"banana": 0.025843052979137728, "apple": 0.016917756325970344, "coconut": 0.01649658869437907, "peach": 0.010478408260090461, "pear": 0.009800752869429854}