{"banana": 0.016856380946760462, "apple": 0.015326207863365955, "coconut": 0.012158653782402997, "peach": 0.01209643459154539, "pear": 0.022516665364994443}