{"banana": 0.012250837700501395, "apple": 0.017844731619782353, "coconut": 0.014193856071568027, "peach": 0.01892434758975479, "pear": 0.014556233582189153}