{"banana": 0.012941124661122072, "apple": 0.022131227511861057, "coconut": 0.012363143972896697, "peach": 0.016175502720369543, "pear": 0.014475440942348455}