{"banana": 0.021047981555981032, "apple": 0.011443943604292971, "coconut": 0.01745567734339206, "peach": 0.014992390416066542, "pear": 0.014084595863310453}