{"banana": 0.021875036746081513, "apple": 0.015326207863365955, "coconut": 0.012158653782402997, "peach": 0.016293771765941493, "pear": 0.013431897262154007}