{"kiwi": 0.0, "banana": 0.0, "coconut": 0.11672149491947882, "apricot": 0.0, "apple": 0.06201786293142292, "lime": 0.0, "peach": 0.0, "pear": 0.0, "cherry": 0.0991299889868547, "papaya": 0.0991299889868547, "blueberry": 0.0, "fig": 0.0, "orange": 0.11672149491947882}