{"banana": 0.013305310911651037, "apple": 0.01981358111590658, "coconut": 0.0148863263522502, "peach": 0.01233458802739925, "pear": 0.01832406012972502}