{"banana": 0.02408457381901725, "apple": 0.018609748437536464, "coconut": 0.01134557931803995, "peach": 0.0071386916098929816, "pear": 0.018609748437536464}