{"banana": 0.01646917062056189, "apple": 0.017237517623628833, "coconut": 0.01680838953287179, "peach": 0.00703200023127829, "pear": 0.02159516841017556}