{"banana": 0.021384834013022207, "apple": 0.01827396823077403, "coconut": 0.014302716602971213, "peach": 0.010967328825425594, "pear": 0.014667873387115749}