{"banana": 0.014772941820122995, "apple": 0.019443581172158126, "coconut": 0.01607906631544492, "peach": 0.01209643459154539, "pear": 0.01648957435463622}