{"banana": 0.018606830074167677, "apple": 0.021898246475129658, "coconut": 0.01134557931803995, "peach": 0.015235713081979433, "pear": 0.01163523864451864}