{"banana": 0.017472681626118036, "apple": 0.01827396823077403, "coconut": 0.008098089771498661, "peach": 0.01209643459154539, "pear": 0.02286107235814336}