{"banana": 0.0208022521255542, "apple": 0.01229286331944329, "coconut": 0.018443023119153787, "peach": 0.01107064878358123, "pear": 0.016762297130718442}