{"banana": 0.020370703646231843, "apple": 0.017589578126111814, "coconut": 0.018060417498707494, "peach": 0.009700172160348224, "pear": 0.01375885770517334}