{"banana": 0.019589755873896622, "apple": 0.019263736204648087, "coconut": 0.013720885123029382, "peach": 0.012672163490170854, "pear": 0.014071187406590057}