{"banana": 0.021187033271264474, "apple": 0.015586614400343306, "coconut": 0.011455000625033183, "peach": 0.01734844456001607, "pear": 0.013303474459503448}