{"banana": 0.01360563840707905, "apple": 0.018552927531821903, "coconut": 0.019247065145733506, "peach": 0.015625925208195765, "pear": 0.011079647883375628}