{"banana": 0.025708925000126212, "apple": 0.0, "coconut": 0.022793219468937018, "peach": 0.016293771765941493, "pear": 0.0124690713791403}