{"banana": 0.017286775796025236, "apple": 0.014867429826630314, "coconut": 0.018563422222674684, "peach": 0.016407746363875885, "pear": 0.011381570762813976}