{"banana": 0.0, "apple": 0.019443581172158126, "coconut": 0.027057622889402708, "peach": 0.009242611115355993, "pear": 0.019443581172158126}