{"banana": 0.014049659704981128, "apple": 0.01009298854578967, "coconut": 0.0198492337408987, "peach": 0.01723458572274121, "pear": 0.0166475705100292}