{"banana": 0.026300497405482536, "apple": 0.015375506227241379, "coconut": 0.01745567734339206, "peach": 0.007853698806173561, "pear": 0.012774272587229367}