{"banana": 0.014000702143068299, "apple": 0.020803573085023716, "coconut": 0.013233782205248344, "peach": 0.012973220214601698, "pear": 0.017663238415599476}