{"banana": 0.015319008399334345, "apple": 0.01780169143326856, "coconut": 0.015491066507565628, "peach": 0.014307045475623087, "pear": 0.015886562565125537}