{"banana": 0.017472681626118036, "apple": 0.013431897262154007, "coconut": 0.010634565686534009, "peach": 0.014307045475623087, "pear": 0.02286107235814336}