{"banana": 0.011994937881268465, "apple": 0.017485412117501323, "coconut": 0.017050112692031973, "peach": 0.014307045475623087, "pear": 0.017485412117501323}