{"banana": 0.00833868531359723, "apple": 0.027025304961329467, "coconut": 0.007392976736066969, "peach": 0.013108984083903773, "pear": 0.021013621051325333}