{"banana": 0.012796904279712753, "apple": 0.0, "coconut": 0.01134557931803995, "peach": 0.027988816751459217, "pear": 0.021898246475129658}