{"banana": 0.019688605212583313, "apple": 0.01009298854578967, "coconut": 0.016233129155728894, "peach": 0.01723458572274121, "pear": 0.015375506227241379}