{"banana": 0.01763388338887065, "apple": 0.016762297130718442, "coconut": 0.014916972207636443, "peach": 0.01766877685366389, "pear": 0.011525150372356675}