{"banana": 0.024527227840924936, "apple": 0.012388353581959543, "coconut": 0.01309751011005899, "peach": 0.013942907945720043, "pear": 0.01548222376149403}