{"banana": 0.022265401543910532, "apple": 0.0124690713791403, "coconut": 0.013284042859264824, "peach": 0.01726858550528472, "pear": 0.013623192302379681}