{"banana": 0.01323955830162043, "apple": 0.020086645757513337, "coconut": 0.011738030977146654, "peach": 0.008267797376012765, "pear": 0.025067135906672637}