{"banana": 0.022804629245902597, "apple": 0.016534408343701266, "coconut": 0.01819521941995086, "peach": 0.011928939337168381, "pear": 0.009828419120122828}