{"banana": 0.01600953220776171, "apple": 0.024071298143807554, "coconut": 0.023472043051511897, "peach": 0.0068279129982094025, "pear": 0.007581723789171326}