{"banana": 0.01360563840707905, "apple": 0.014896383093494328, "coconut": 0.012062593135497849, "peach": 0.018829288223941424, "pear": 0.018552927531821903}