{"banana": 0.017703886624532726, "apple": 0.012888999207918602, "coconut": 0.016713614695228796, "peach": 0.015436151241742881, "pear": 0.016096779448331044}