{"banana": 0.00788124088725243, "apple": 0.023813375343272693, "coconut": 0.013443602780593462, "peach": 0.014307045475623087, "pear": 0.017936889064465576}