{"banana": 0.012382932036177428, "apple": 0.012134580159069003, "coconut": 0.014343972070223728, "peach": 0.018407235360066578, "pear": 0.020439418935023216}