{"banana": 0.013394005434742834, "apple": 0.013120144314836671, "coconut": 0.017242997299584666, "peach": 0.019829931949325256, "pear": 0.014052076790036751}