{"banana": 0.0, "apple": 0.0, "coconut": 0.03445059962546968, "peach": 0.03181745396699184, "pear": 0.0}