{"banana": 0.01600953220776171, "apple": 0.014556233582189153, "coconut": 0.020490486846125956, "peach": 0.013108984083903773, "pear": 0.014556233582189153}