{"banana": 0.012796904279712753, "apple": 0.01163523864451864, "coconut": 0.030305112435944005, "peach": 0.010478408260090461, "pear": 0.01163523864451864}