{"banana": 0.03164852229121094, "apple": 0.012342697381897163, "coconut": 0.01041698392067085, "peach": 0.016825063550925296, "pear": 0.007265444473404074}