{"banana": 0.017743018689331296, "apple": 0.018552927531821903, "coconut": 0.014525537559022816, "peach": 0.01228620855799827, "pear": 0.01613235921845607}