{"banana": 0.01908338215192863, "apple": 0.01613235921845607, "coconut": 0.012062593135497849, "peach": 0.015625925208195765, "pear": 0.01613235921845607}