{"banana": 0.01901843167478295, "apple": 0.020709485120125926, "coconut": 0.015144973837031155, "peach": 0.014784077320856279, "pear": 0.009074246475607286}