{"banana": 0.013520186394854632, "apple": 0.021702437727952505, "coconut": 0.013464532854141155, "peach": 0.014439041296287774, "pear": 0.015297811299378104}