{"banana": 0.016856380946760462, "apple": 0.01438420024728334, "coconut": 0.01494466183901635, "peach": 0.01710695517649845, "pear": 0.015326207863365955}