{"banana": 0.012250837700501395, "apple": 0.021013621051325333, "coconut": 0.014193856071568027, "peach": 0.0068279129982094025, "pear": 0.024071298143807554}