{"banana": 0.027194759807477136, "apple": 0.013820026437643605, "coconut": 0.01680838953287179, "peach": 0.010324993750066966, "pear": 0.01146488696596705}