{"banana": 0.01323955830162043, "apple": 0.018795735393582393, "coconut": 0.0075239954715694704, "peach": 0.018089536558168837, "pear": 0.020086645757513337}