{"banana": 0.020132078587753847, "apple": 0.009632050288511357, "coconut": 0.01512245146893712, "peach": 0.015654228724059967, "pear": 0.018304547229447413}