{"banana": 0.020467751173877228, "apple": 0.014316522685958333, "coconut": 0.018146458653541007, "peach": 0.015235713081979433, "pear": 0.010722823440276074}