{"banana": 0.006611892192899214, "apple": 0.02660938600540162, "coconut": 0.005862023007845066, "peach": 0.010478408260090461, "pear": 0.02660938600540162}