{"banana": 0.02420688963059315, "apple": 0.018840569382647443, "coconut": 0.00924450387419562, "peach": 0.0140058109526016, "pear": 0.013001600803376031}