{"banana": 0.017798095946801394, "apple": 0.00683761289789032, "coconut": 0.02530569209738367, "peach": 0.01457350242734116, "pear": 0.01317748874324761}