{"banana": 0.014454024968872293, "apple": 0.014867429826630314, "coconut": 0.02394766159211961, "peach": 0.011835297921661476, "pear": 0.013141930752211206}