{"banana": 0.023111627133720225, "apple": 0.017844731619782353, "coconut": 0.01740048693343772, "peach": 0.010031276013955063, "pear": 0.01113874239620391}